batch_pred,batch_y
10.095719,9.9804945
10.243125,10.768506
10.289954,11.002116
9.513043,9.975855
10.068648,10.308986
9.545787,10.175459
10.420045,10.308986
9.965663,10.819798
10.424056,10.308986
10.510703,10.859018
9.735247,10.532123
9.901046,10.532123
9.861278,10.463132
10.731787,10.021315
10.290784,10.126671
10.022517,9.903538
10.1174135,10.221977
9.747886,10.59666
10.243691,10.021315
10.095194,10.915107
10.054919,10.532123
10.083819,10.657283
9.17575,10.621157
10.245769,10.8685875
9.286066,10.818197
10.181618,10.043293
10.227143,10.275085
10.033755,10.068663
9.766963,9.811427
10.03832,10.59666
9.535606,10.325515
9.925615,11.225244
10.490336,10.463103
10.386939,10.463103
10.329747,11.082143
10.233506,11.225244
10.247274,10.714417
10.080182,10.463103
10.124782,10.463103
10.631224,10.463103
10.055676,10.463103
10.427772,10.463103
10.55404,10.463103
10.268501,11.082143
10.520251,11.082143
10.00421,10.463103
10.009253,9.999752
9.850818,10.341775
10.409458,11.279744
10.170678,10.221977
9.860213,9.952325
9.959838,9.923339
10.469324,10.71444
9.821025,9.711176
9.8772,11.359786
10.189458,10.220376
10.168027,10.477316
10.11243,9.975855
10.033042,9.975855
9.877555,9.680407
10.089866,10.491302
10.184072,10.043293
9.956288,10.221977
10.042114,11.112463
9.61123,9.680407
10.280904,10.041117
9.811748,9.975855
10.518111,10.532123
10.467042,10.59666
9.890652,9.711176
10.179428,10.463132
9.848649,9.852247
9.929566,10.097779
10.073983,10.280999
9.873441,10.357775
10.041353,9.7981825
10.029336,10.280999
10.254212,9.852247
10.445723,11.279744
10.086703,10.021315
9.800717,10.308986
10.2233305,9.555701
9.998183,9.82558
9.966504,9.680407
9.867322,10.505095
10.019002,9.952325
10.143146,10.915107
10.02321,10.1849375
10.167663,10.819798
9.976887,10.609082
10.236782,9.998843
9.740048,10.077483
10.167626,10.165891
10.050442,10.021315
9.951098,10.913506
10.351446,9.765661
9.266283,9.64866
10.132176,9.528867
9.969871,10.5764065
9.8567095,8.922392
9.868005,10.491302
10.048735,10.511921
10.147019,10.292179
10.114287,9.615872
10.149389,9.975855
10.02439,10.71444
10.52741,10.257694
9.97573,11.462064
10.044338,10.021315
10.197456,10.434145
9.622206,9.998843
9.873649,10.341775
10.234748,10.573187
9.879401,9.7981825
10.125747,10.434145
10.317199,10.242848
10.36569,9.82558
10.395629,10.126671
9.810557,10.0533285
10.334395,10.126671
10.089713,11.238923
9.644826,10.308986
10.317504,10.363472
10.454526,10.257694
9.708507,10.043293
10.331119,9.711176
9.765751,9.7981825
10.1222925,9.510519
9.677222,9.711176
10.379754,10.140337
9.937446,10.420166
9.570952,9.952325
10.096377,10.389026
9.99182,10.59666
10.451098,10.532123
9.871362,9.741028
10.415503,9.770013
10.03655,10.747229
10.280734,10.71444
9.819219,9.82558
10.323915,10.71444
9.973954,10.064798
10.02608,10.165891
10.30522,10.71444
10.385713,10.71444
10.539223,10.532123
10.246477,9.852668
10.237887,9.7981825
10.227181,10.021315
9.647134,10.163965
10.147499,10.0533285
10.15034,10.275085
10.438262,10.448744
10.088759,9.433564
10.32235,10.915107
10.270642,10.59666
10.183803,9.82558
10.104319,9.734891
10.165036,10.819798
10.1451845,10.2036295
9.839302,10.085851
10.164172,10.308986
10.12073,9.903538
10.062481,10.021315
10.271338,10.59666
9.620048,10.651147
9.908119,10.819798
9.870778,10.165891
10.044084,9.839003
10.1270685,10.329572
10.311788,10.0533285
9.771565,10.389026
10.328142,10.463132
9.502101,10.097779
10.432452,10.915107
10.240325,10.021315
9.933564,10.645449
9.491211,10.097779
10.044983,9.66148
9.662076,9.680407
10.041413,9.975855
9.952254,10.71444
10.050143,10.463132
10.119972,9.903538
10.16776,10.165891
10.15224,9.952325
9.995584,10.064798
10.49338,10.657283
10.022758,10.532123
9.987281,9.510519
9.837974,10.657283
9.956101,9.711176
10.514498,11.156265
9.955763,9.765661
9.980458,10.165891
10.365151,9.998843
9.83953,10.389026
10.2469,9.952325
10.449788,10.532123
10.28438,9.510519
9.926774,9.755626
10.338845,10.308986
9.549626,9.952325
10.085308,10.59666
9.901222,10.097779
10.266984,10.463132
10.383849,10.221977
10.065141,10.559582
9.992774,10.152338
10.228412,10.07538
9.644392,9.82558
10.10811,9.952325
10.1291895,10.308986
9.730193,9.686637
9.692634,10.021315
9.807273,9.952325
9.495153,9.82558
9.88554,10.021315
10.412397,10.992066
8.729705,10.434145
10.030051,10.373523
10.11489,10.239996
10.032277,10.627431
9.912995,10.126671
9.806776,9.557541
9.679364,9.615872
10.5135565,9.615872
10.179383,11.434975
10.121546,10.78934
10.474488,10.463103
9.7435465,9.615872
10.392387,10.888838
10.246049,9.433564
9.991712,9.770013
9.95227,9.770013
10.163037,10.72549
9.710904,9.878221
10.2864685,10.72549
10.445054,10.968216
10.3261175,10.532123
10.215088,10.819798
10.192307,10.558439
10.389905,11.042938
9.924003,10.819798
10.056945,11.258046
10.194738,11.289794
9.953891,10.112451
10.208529,10.915107
9.860372,11.002116
9.4513,10.237779
9.696149,10.819798
10.317452,11.082158
10.23674,10.532123
10.231938,10.532363
9.747201,9.903538
9.782442,10.532123
9.887225,10.126671
9.943252,10.59666
9.406578,10.153195
9.613755,9.9804945
10.003927,9.952325
9.635453,10.203592
9.765005,10.809748
10.280608,10.518701
10.313323,10.657283
10.11689,10.538767
9.993949,10.558439
10.519378,10.778977
10.226117,9.958023
10.041324,9.928229
9.522199,10.153195
9.63392,10.265349
10.164556,10.7987795
10.232497,10.691968
10.287057,10.571342
10.088277,9.852247
10.1185255,10.045031
9.932712,10.855937
10.229181,10.389026
10.165139,11.407576
10.249719,10.389026
10.331056,10.239996
10.282972,9.770013
10.024528,10.463132
10.367653,10.927394
9.93719,9.952325
9.903884,10.657283
10.174071,9.852247
9.97679,10.768506
10.209382,9.7981825
10.266835,10.657283
9.785295,9.952325
10.245318,10.532123
10.18357,10.389026
10.138934,10.332702
9.978234,10.165891
9.988722,10.532123
10.126096,10.193991
10.070401,10.7987795
10.258814,9.711176
10.357753,10.389026
10.117972,9.741028
10.35988,10.907807
10.2869005,10.275085
10.005969,10.249946
10.053389,10.085851
10.344617,10.819798
9.945828,10.809748
10.394743,10.357775
10.263661,10.308986
10.108745,10.448744
10.161346,10.162808
10.040277,10.628158
10.244607,10.532123
9.989499,10.357775
9.974631,10.1849375
9.752788,10.59666
10.229978,9.862718
10.082485,11.056603
10.466779,10.463132
10.212134,10.532123
10.017205,10.448744
10.2799635,10.657283
10.2417555,10.268166
10.053769,10.768506
10.159012,10.422311
10.083684,10.239996
10.460208,9.472781
10.162591,10.064798
10.355393,10.1849375
9.871367,10.341775
9.882285,10.609082
10.079414,10.450481
10.065215,10.165891
9.966771,9.903538
10.194305,10.628158
10.3275,10.234265
10.369973,10.064798
10.254535,10.332702
10.055667,10.657283
9.945339,10.021315
9.948893,10.357775
10.04503,11.407576
10.425206,9.911506
9.860939,10.221977
9.61526,10.308986
10.088576,10.064798
10.269053,10.357775
10.446097,10.043293
10.152207,10.645449
10.120509,9.975855
10.298268,10.389026
9.8387575,10.419331
10.056175,10.532123
10.242406,10.126671
10.110756,10.915107
10.3832035,10.297251
10.044234,10.341775
10.181146,10.657283
10.054661,10.874286
10.455794,10.221977
10.202973,10.165891
9.984382,10.463132
10.090881,10.491302
10.689,10.71444
10.153659,10.357775
10.166656,10.491302
9.641682,9.911506
10.046617,9.757363
10.380637,9.903538
10.051201,11.042938
10.046689,10.657283
10.042068,10.657283
10.277614,10.505095
10.28476,10.085851
9.844401,10.389026
9.968397,10.959558
10.320279,10.275085
10.244905,10.221977
9.604215,9.964159
10.448287,10.275085
9.9064865,11.082158
9.980882,10.045031
10.278086,10.021315
10.079717,10.389026
9.776272,10.404293
10.013988,10.275085
10.252233,11.156265
10.119552,10.332702
10.379302,10.389026
10.054567,10.126671
10.019572,10.002473
9.982556,10.633472
10.824749,10.2036295
9.983487,10.05608
10.051506,10.463132
10.964967,10.239996
10.729466,10.2036295
10.27325,11.002116
10.256835,10.463132
10.061952,10.532123
10.062528,10.532123
10.34883,9.536113
10.440214,10.021315
10.0571375,10.234265
10.201439,10.657283
9.533655,10.308986
10.084705,10.71444
10.210745,10.1849375
9.912307,9.9804945
9.929124,10.463132
10.078584,10.818197
9.993564,10.68627
10.125148,10.239996
10.274571,9.741028
10.020566,10.085851
9.987786,9.903538
10.236726,10.308986
10.068261,10.126671
10.52461,10.221977
10.086835,10.1849375
10.302602,9.975855
10.21424,9.862718
10.044204,10.059679
10.372189,10.181157
10.169734,10.165891
9.9443655,10.221977
10.383182,10.463132
10.308387,10.275085
10.100089,10.106469
10.223832,10.673619
10.27439,10.819798
10.083986,9.865318
10.047181,9.865318
10.136083,10.176601
10.107875,10.389026
10.08264,10.558439
9.737306,10.308986
10.020567,9.865318
10.126271,10.633472
10.218383,10.308986
10.23803,10.463132
10.54955,11.115443
9.677825,11.324196
10.165577,9.852247
10.2748,9.975855
10.259228,9.755626
10.050017,9.581973
10.339288,10.043293
10.453651,9.472781
10.073798,10.221977
10.235641,10.221977
10.059855,10.165891
10.341102,9.64866
10.052704,10.1849375
10.130624,10.463132
10.182485,10.239996
10.587178,10.1849375
10.323881,10.106469
10.15823,9.903538
10.082419,10.532123
9.842477,10.199175
9.761815,10.532123
10.009309,9.711176
10.130976,10.257694
10.220257,10.819798
9.856458,10.341775
9.972083,10.532123
9.429144,10.275085
10.235655,10.221977
10.201294,10.768506
9.853978,10.819798
10.384782,10.389026
9.893945,10.221977
10.278695,10.389026
9.971814,10.106469
10.077931,10.434145
10.336886,10.448744
10.073873,9.380168
10.3286,10.221977
10.07415,10.680539
10.188636,10.146473
10.125609,10.221977
9.981956,10.2036295
10.29741,10.404293
10.048732,10.106469
10.010291,10.021315
10.106075,10.389026
9.841475,10.221977
10.084654,10.268166
10.199027,10.59666
10.44513,10.819798
10.079942,10.419331
10.500842,10.59666
9.911775,10.021315
10.118295,10.59666
10.181338,11.002116
10.397564,10.463132
10.094412,10.2036295
10.174605,10.657283
10.19201,10.357775
10.047684,10.275085
9.831695,10.633472
10.403775,10.308986
10.289016,11.119898
9.658394,11.191356
9.812224,9.615872
10.098735,10.419331
9.90183,10.819798
10.155485,10.085851
9.99993,10.422579
9.964678,10.156229
10.330083,9.392745
10.602447,10.106469
10.383783,9.683776
10.2526655,10.519889
10.367934,10.519889
10.162269,10.0299
10.503221,10.477316
10.336953,10.491302
10.459264,10.257694
10.402804,9.896614
10.304776,10.126671
10.143943,9.787123
10.092702,10.308986
10.613128,10.71444
10.377732,9.903538
10.245879,10.404293
10.65098,10.518701
10.542064,10.657283
10.1909895,10.453082
9.343686,10.255165
10.552653,10.126671
10.287715,10.809748
10.610377,10.538767
10.54859,9.911506
10.516864,10.308986
10.097297,10.06951
10.073377,9.878221
10.160348,10.07538
10.127504,10.381243
9.723964,10.463132
10.295829,10.768506
10.3538685,9.852247
10.192581,10.308986
10.12696,9.896614
10.314048,10.071287
10.134994,10.507913
10.364021,10.423917
9.9579935,10.4174185
10.114099,10.878066
10.1030035,9.903538
10.198442,11.512936
10.311994,10.221977
10.181817,10.389026
10.090962,9.903538
9.980541,10.292179
9.854715,10.2036295
9.82324,9.903538
9.930067,9.89096
10.047042,9.903538
9.498549,9.903538
10.260879,9.770013
9.8151,9.852247
10.285571,9.903538
10.131808,9.998843
10.044896,9.998843
9.572016,10.2036295
10.225883,9.770013
10.107765,9.770013
10.052644,9.839003
9.811126,9.528867
9.785731,9.528867
9.855801,9.903538
10.118855,10.59666
10.062039,9.615872
10.148946,9.878221
10.129912,10.239996
10.266436,10.959558
10.116397,11.407576
10.403071,11.119898
10.251252,11.407576
10.120019,11.407576
10.380592,11.289794
10.349949,11.191356
10.232141,11.407576
10.39865,10.419331
10.372344,11.472114
10.380134,10.915107
10.657014,11.002116
10.361552,10.8685875
10.282212,11.119898
10.523841,10.8685875
10.781753,11.608245
10.264461,10.555839
10.122451,11.379406
10.02966,11.225257
10.545811,11.407576
10.162163,11.289794
10.05002,9.729194
9.689763,10.819798
10.35806,10.645449
9.968742,10.819798
10.647891,11.320565
10.504598,10.768506
10.653945,11.156265
10.300876,11.320565
10.252528,10.703267
10.567798,11.042938
10.098369,10.59666
10.537501,11.350418
10.28334,10.915107
10.3923855,10.657283
10.307071,10.59666
10.372481,11.042938
10.235873,11.191356
10.458749,10.768506
10.393643,11.156265
9.618321,10.545368
9.949698,10.308986
11.0109005,11.156265
10.173268,10.819798
10.029353,11.156265
9.926377,11.002116
10.076631,10.933125
10.258662,10.268166
10.118997,10.268166
9.950792,10.308986
10.285829,10.758775
10.056612,11.060385
10.058698,11.407576
10.018859,11.002116
10.136513,11.380548
9.573079,11.184435
9.684136,9.862718
10.389064,10.085851
10.04028,10.532123
10.278283,11.041337
10.032394,10.673619
10.302923,10.532123
10.105628,10.71444
10.150301,10.768506
9.761704,10.165891
10.166079,10.257694
9.781751,9.433564
9.936946,10.021315
9.795987,10.221977
9.830852,10.532123
9.844529,10.532123
10.154702,10.308986
9.9389715,10.71444
10.05715,10.59666
10.101177,10.477316
10.164561,10.768506
10.090825,10.819798
10.131505,10.1849375
9.571679,10.532123
9.768985,10.2036295
9.790677,10.043293
10.103864,10.248884
10.160184,10.59666
10.118218,10.043293
9.760598,10.142544
9.951514,10.491302
10.125129,10.308986
10.05597,10.221977
9.852546,10.021315
10.412832,11.004114
10.240931,10.308986
10.067274,11.258046
10.010494,11.082158
10.061824,9.964159
10.469678,11.320565
9.971176,11.042922
10.429305,11.042922
9.680575,11.379395
10.543996,11.042922
10.117544,11.042922
10.5867605,11.379395
10.47561,11.379395
10.051198,11.042922
10.265481,11.042922
10.310135,11.042922
10.406785,11.379395
10.029896,11.042922
10.1029625,11.042922
10.099715,11.042922
10.39009,11.042922
10.24138,11.042922
10.415147,11.379395
10.199035,11.042922
10.196176,11.042922
10.102759,11.042922
10.221042,11.042922
9.976832,11.042922
10.609895,11.042922
10.181202,11.042922
10.360516,11.042922
10.408687,11.042922
9.778709,9.7981825
10.12407,10.389026
10.42203,11.002116
10.021058,10.085851
10.185951,10.389026
10.088103,9.770013
10.460182,10.768506
10.4735155,11.191356
10.344532,10.768506
10.76184,11.156265
10.627952,10.959558
10.60796,10.463132
10.533919,11.041337
10.662266,10.308986
10.380295,10.71444
10.423704,10.736419
10.380389,10.126671
10.259057,9.952325
10.239604,10.78934
10.182775,9.952325
10.151902,10.126671
9.585748,10.2036295
9.661231,10.357775
9.785989,10.491302
10.104871,10.819798
9.321295,9.975855
9.919154,10.59666
9.851287,10.2036295
10.138666,10.532123
10.19024,10.389026
10.092189,10.221977
10.181071,10.768506
10.283069,9.928229
9.596497,11.225257
9.596497,11.225257
9.596497,11.225257
9.638957,11.002116
9.549815,11.002116
9.549815,11.082158
10.439757,11.002116
10.266475,10.71444
10.28678,10.71444
10.096843,10.463132
9.989329,10.463132
10.290104,11.191356
10.18656,11.350418
10.321532,10.126671
10.217296,11.097425
10.30721,10.59666
10.467157,10.292179
10.37148,10.59666
10.370432,10.404293
10.395097,11.002116
10.422912,10.8685875
10.356716,9.615872
9.922513,9.878221
10.401162,10.768506
10.219742,9.615872
10.388289,10.463132
10.460683,10.389026
10.391494,10.768506
10.230702,10.59666
10.090812,11.472114
10.16262,10.257694
10.358092,10.950824
9.47816,11.097425
9.895286,10.532123
10.491769,11.191356
10.585846,11.790565
10.255428,9.975855
10.134517,11.191356
10.449959,10.819798
9.923798,10.308986
10.077975,10.199175
10.220973,10.064798
10.258031,10.518701
10.5457,10.768506
10.316132,10.819798
10.400264,11.338584
10.22026,11.338584
10.187266,10.404293
10.110696,10.571342
10.230809,10.59666
10.29132,10.71444
10.41967,11.338584
10.339677,11.082158
10.357167,11.002116
10.030726,10.874286
10.274886,11.042938
10.276063,10.165891
9.916037,10.819798
10.186935,10.404293
10.30128,11.042938
10.347432,10.819798
10.000961,10.71444
10.218682,10.126671
9.900289,9.903538
10.329696,10.126671
10.107486,10.126671
9.97351,11.512936
10.607888,10.165891
9.972079,10.308986
10.480092,10.768506
10.23535,10.8685875
10.102639,10.389026
10.084634,10.389026
10.151404,10.71444
10.217608,10.657283
10.315871,10.59666
10.295,10.8685875
10.256127,10.59666
9.689769,11.002116
10.097577,10.819798
10.336869,10.645449
10.200337,10.915107
10.29005,10.463132
10.358778,10.59666
10.175336,10.389026
10.286827,10.021315
10.457612,10.404293
10.243039,10.819798
10.216689,10.357775
10.265827,10.538767
10.247654,11.082158
10.246003,11.042938
10.115714,10.126671
10.485105,10.915107
10.502636,11.002116
10.421949,10.59666
10.279993,10.463132
10.598475,10.021315
10.094878,10.463132
10.176622,10.915107
10.205356,10.896758
10.433257,10.71444
10.312291,10.532123
10.378188,10.778977
10.202027,10.530521
10.06121,10.736419
10.113519,10.389026
10.27484,10.915107
10.263392,10.221977
10.130025,10.275085
10.170966,10.165891
10.4236,10.389026
10.212428,10.450481
10.14115,10.768506
10.018398,11.002116
10.187963,10.915107
10.4841585,10.768506
10.225568,10.532123
10.062879,10.8685875
10.067142,11.082158
10.290595,9.903538
10.589848,9.903538
10.179814,10.819798
10.808295,10.463132
10.343551,10.221977
10.0770235,9.952325
10.374637,10.106469
10.223933,10.448744
10.135747,10.463132
10.241431,10.300954
10.2940035,11.225257
10.300546,11.340012
10.312943,10.758775
10.309766,10.373523
10.454183,10.915107
10.250744,10.234265
9.927211,10.434145
10.271115,10.268166
10.41093,10.463132
10.487212,10.1849375
10.1763115,11.14031
9.913256,11.104972
10.2691965,10.463132
10.460605,10.959558
10.30973,10.393325
10.028997,10.156229
10.182275,10.71444
10.32452,10.915107
10.137594,11.289794
10.287832,10.8685875
9.913627,10.464274
10.083219,9.998843
10.435641,10.819798
10.546649,11.082158
10.096783,10.463132
10.4070635,10.609082
10.38505,10.59666
9.847032,10.389026
10.363684,10.450481
10.273273,10.221977
10.3099165,10.239996
10.328784,10.532123
10.262603,10.463132
9.836474,10.71444
10.28874,10.959558
10.46591,10.915107
10.216608,10.59666
10.03674,10.915107
10.469931,10.657283
10.484909,10.357775
10.486114,10.463132
10.2478,9.82558
10.147986,10.532123
10.549172,10.959558
10.299942,10.758775
10.472145,11.184435
10.407796,9.998843
9.857072,10.915107
10.222371,10.532123
10.342944,10.787503
10.336079,10.59666
10.505088,10.657283
10.1686125,10.532123
10.516124,10.71444
10.181341,10.8685875
10.006553,10.505095
10.24939,9.975855
10.283933,10.961295
10.467622,10.47788
10.423688,11.082128
10.607728,10.389026
10.262078,10.463132
10.323703,10.463132
10.21295,10.257694
10.278039,10.404293
10.103588,10.71444
10.341697,11.042938
10.164827,10.819798
10.243627,10.146473
10.568728,11.082158
10.590315,10.325515
10.329789,10.463132
10.454026,10.8685875
10.320024,10.308986
10.172862,10.021315
10.269963,10.043293
10.167083,10.59666
9.989196,11.082158
10.312321,10.59666
10.212228,10.221977
10.490823,10.915107
10.425423,10.71444
10.389097,10.59666
10.29543,11.407576
10.003964,10.021315
9.925309,10.609082
10.272527,11.184435
10.01805,10.657283
10.30166,10.532123
10.278478,10.959558
10.09543,9.7981825
10.128638,10.691968
10.506106,10.651147
10.245844,10.12507
10.266208,10.450481
10.178292,10.419331
9.902818,11.002116
9.93784,10.71444
10.314235,10.558439
10.592904,10.532123
10.121605,10.532123
10.200313,10.239996
10.344471,10.126671
10.483942,10.555839
10.29762,10.71444
10.301287,10.896758
10.355998,10.251359
9.657709,9.433564
10.244461,10.571342
9.925893,9.546884
10.3634815,10.657283
9.577929,9.839003
10.423245,10.2036295
10.362233,10.373523
10.486071,10.325515
10.158147,10.165891
10.207408,10.085851
10.405732,10.2036295
9.912716,10.657283
10.180549,10.532123
10.210954,10.915107
10.278668,10.71444
10.055331,9.903538
9.835714,9.975855
10.374186,10.221977
10.364208,10.8685875
10.273429,11.512936
9.869998,9.839003
9.761846,9.839003
9.852155,10.165891
10.255477,10.68627
10.418925,10.59666
10.244107,11.225257
10.181907,11.320565
10.089352,10.8685875
9.960719,10.71444
10.439228,10.59666
9.868993,10.959558
10.309386,10.849357
10.398861,10.146473
10.03143,10.308986
10.195961,10.959558
10.594203,11.512936
9.556912,10.021315
10.181549,10.657283
10.304862,10.703267
10.464881,10.819798
10.343497,10.657283
10.214165,10.085851
10.3452835,11.002116
10.371119,10.819798
10.370887,11.082158
9.966077,10.71444
10.308562,10.532123
10.308432,10.71444
10.4705515,11.002116
10.272842,10.146473
9.846368,10.463132
9.935479,10.389026
9.726596,9.998843
9.917058,10.2036295
10.534507,10.532123
10.281801,10.633472
10.448065,10.645449
10.1745825,10.463132
10.394712,11.115443
10.139512,10.819798
10.144549,10.373523
10.306153,10.959558
10.30402,9.573316
10.150798,9.528867
10.410138,10.448744
9.737308,10.064798
10.231317,11.119898
9.971004,9.852247
9.936425,9.975855
9.975736,9.903538
10.151367,9.928229
10.072118,9.7981825
10.234944,10.8685875
10.21005,11.002116
10.15502,10.463132
10.053145,10.657283
10.292722,10.165891
10.299415,10.532123
10.182803,10.308986
10.162793,10.156229
10.283116,10.389026
9.796527,10.389026
10.448599,10.389026
10.294075,9.852247
10.433287,9.878221
10.164007,10.463132
10.320798,10.275085
10.415942,11.289794
10.15305,10.8685875
9.801478,9.881804
10.304589,9.975855
10.288114,10.275085
10.380254,10.915107
10.274552,10.657283
10.176406,11.002116
9.211059,10.308986
10.08038,10.809748
10.077939,10.59666
10.191096,11.002116
10.208713,10.607896
9.841657,10.505095
10.277872,9.573316
10.203515,9.528867
10.521176,11.082158
10.244647,9.615872
9.83409,9.852247
9.969319,10.221941
10.302407,10.455964
9.55495,10.59666
9.615499,10.657283
9.655568,10.308986
9.691136,10.239996
9.765262,11.042938
10.096717,9.998843
10.163019,9.82558
9.536362,10.389026
10.303222,10.308986
10.036704,10.463132
9.941971,10.308986
10.084859,11.002116
10.2566,10.768506
10.04679,10.165891
10.162972,10.146473
10.2425585,10.021315
10.286594,9.7981825
10.496959,10.357775
10.160919,11.225257
10.264697,10.59666
10.30086,11.002116
10.0598755,9.680407
9.702661,9.878221
10.085015,9.878221
9.509361,10.915107
9.928153,10.8685875
10.23487,9.975855
9.685046,9.878221
10.31639,9.928229
10.044216,9.998843
10.597339,9.7981825
9.305623,9.998843
10.163375,9.770013
10.297212,10.126671
9.7175455,9.6959095
10.450673,10.1849375
10.0289955,9.975855
10.028319,10.126671
10.524896,10.021315
10.219373,9.7981825
10.428418,10.463132
10.15734,9.741028
10.179405,10.373523
10.158754,10.126671
10.072122,10.2036295
10.299357,9.7981825
9.785666,9.806481
9.945134,11.082158
10.19353,9.975855
9.984832,10.126671
10.152671,10.325515
9.921948,9.680407
10.22005,10.2036295
9.96682,10.043293
10.154592,9.852247
9.846845,9.7981825
9.896644,9.878221
10.104346,10.021315
10.45082,10.064798
9.992513,9.680407
10.124172,9.680407
9.831364,9.711176
10.013396,9.680407
9.980771,9.510519
10.331129,9.7981825
9.946504,10.389026
9.541604,9.741028
10.183742,9.975855
10.402801,10.419331
10.114074,9.7981825
10.096175,10.043293
10.21035,10.126671
10.126582,10.165891
10.1298895,10.389026
10.197298,9.711176
10.193721,9.64866
10.043412,10.085851
10.214413,10.07116
10.250127,10.308986
9.707172,10.085851
9.995606,9.4697
9.911429,10.341775
10.0302305,10.389026
9.989378,10.126671
10.106877,9.64866
10.119059,10.126671
9.929642,9.711176
9.900115,9.64866
10.019664,9.711176
10.28649,10.463132
9.99919,9.680407
9.800029,9.770013
10.044818,9.903538
10.008208,9.581973
10.14339,10.064798
10.100072,9.998843
9.953755,9.4697
10.877326,9.862718
9.768886,10.1849375
9.941701,9.4697
9.955726,9.4697
9.966019,9.928229
9.689366,10.021315
9.81749,10.292179
10.029406,10.221977
9.924271,9.581973
9.955916,9.903538
10.020453,9.60245
9.763528,10.59666
9.975949,10.126671
10.067601,10.085851
9.975608,9.928229
10.327117,9.64866
9.809847,9.7981825
10.089785,10.021315
9.905072,9.770013
10.094602,10.126671
10.460764,10.505095
9.831311,9.852247
10.300695,10.657283
9.930492,10.463132
10.250845,9.903538
10.134913,10.126671
10.232738,10.221977
9.804131,9.975855
9.23198,9.903538
10.277037,9.903538
9.899974,10.085851
10.3130245,10.221977
10.104346,10.463132
9.483966,10.126671
9.487262,9.541154
9.751645,9.784197
9.325629,9.903538
10.007859,10.221977
9.730929,9.680407
10.173783,9.852247
10.294747,9.903538
9.85901,10.165891
10.217019,10.71444
10.152961,11.119898
10.098891,10.221977
10.252528,10.357775
10.45453,10.373523
10.05277,10.064798
10.113527,9.903538
10.162158,10.59666
9.703277,10.463132
10.204845,10.152026
10.202802,10.221977
10.440276,10.126671
9.934077,9.546884
9.805677,9.510519
9.716119,9.546884
9.990254,10.419331
9.833926,9.878221
10.314611,10.571342
9.771894,9.546884
9.651607,9.554001
9.85011,10.021315
9.547596,9.546884
10.277707,11.407576
9.822024,9.928229
9.959314,10.239996
10.328566,10.389026
10.177253,11.1947975
10.288857,11.248973
10.369622,11.042938
10.302701,10.915107
10.193702,10.657283
9.94896,9.928229
10.35648,10.532123
10.112444,10.915107
10.310029,10.59666
10.03215,10.71444
10.374225,9.755626
10.133023,10.221977
9.929618,9.680407
10.079846,10.021315
9.758155,10.308986
10.401792,10.71444
10.337047,10.8685875
10.016343,9.7981825
10.295094,10.959558
9.9479265,10.126671
10.157486,9.7981825
10.291582,10.126671
9.9086275,9.770013
9.887613,9.770013
10.060542,10.668979
10.195024,9.903538
10.24006,9.770013
10.297764,10.357775
9.94778,10.463132
10.49867,9.793729
10.034993,9.928229
10.3632345,11.002116
10.215154,10.021315
10.000409,9.711176
10.472105,10.768506
10.38152,10.768506
9.987432,10.71444
9.85348,10.59666
9.603504,9.964159
10.10963,9.680407
10.0308695,10.558439
10.094918,9.711176
9.986854,10.59666
9.867605,10.373523
9.768361,10.292179
10.279062,11.191356
9.861368,9.852247
10.26094,10.558439
10.289284,10.126671
10.260125,10.657283
10.434358,10.450481
10.376103,10.165891
9.8993845,9.987415
9.8993845,10.021315
9.969892,9.615872
10.284541,10.477316
10.301293,10.71444
10.220408,10.657283
10.52303,10.275085
10.26706,10.463132
10.158617,10.518701
10.203006,10.165891
9.9999275,9.392745
10.158046,10.341775
10.09982,10.116621
9.9878235,10.126671
9.845681,9.639587
10.392111,10.389026
10.386572,10.221977
9.859466,10.2036295
10.171556,10.292179
9.8674345,10.308986
10.162172,10.165891
10.180636,10.028224
10.432523,9.911506
9.83714,9.711176
10.666636,11.119898
9.849656,10.915107
10.086259,9.998843
9.914644,9.584314
10.108349,10.2036295
10.361218,11.156265
9.914189,9.615872
10.191903,10.71444
9.928645,9.952325
10.161721,10.239996
10.414258,10.221977
9.881319,9.564583
10.528914,10.532123
10.595996,9.862718
10.374307,10.71444
10.310843,10.239996
10.107479,10.341775
9.898881,9.928229
9.781851,9.541154
9.697748,9.575053
10.018979,10.59666
9.791951,9.371694
10.28954,9.770013
10.578719,10.59666
10.251048,10.043293
10.037559,10.308986
10.373988,9.998843
10.381898,10.532123
10.015307,9.852247
10.120906,9.7981825
10.423076,10.308986
10.384971,10.126671
10.128243,10.59666
10.308278,10.357775
10.122312,9.998843
10.115045,9.592264
10.285165,10.59666
9.968633,9.519515
10.255496,10.126671
9.9073925,10.021315
10.669984,10.819798
10.266065,10.532123
10.047036,10.558439
10.114581,9.506065
9.439157,9.770013
10.302245,10.915107
10.2109995,10.463132
10.161456,10.021315
10.464919,10.555839
10.144156,10.532123
10.108609,10.335173
10.188687,9.506065
10.154358,10.308986
10.151921,10.498222
10.023044,9.639587
10.035352,10.657283
10.286983,10.275085
10.514196,10.532123
9.852338,9.928229
10.166278,10.59666
10.454329,10.393325
9.867344,10.59666
9.407724,9.159152
10.059159,10.165891
9.652506,9.998843
9.993152,10.768506
10.303804,11.002116
10.289014,10.959558
9.837035,10.221977
10.15318,10.874286
9.975434,10.064798
9.985205,9.615672
9.244772,11.350418
10.260512,10.819798
10.044691,11.002116
9.869458,10.308986
10.192534,10.463132
10.278741,11.512936
9.82216,10.463132
10.367275,10.532123
10.140109,10.839601
9.987943,10.768506
9.952798,9.770013
10.279862,10.325515
9.994034,10.768506
10.15801,10.657283
10.083627,10.657283
10.136787,10.221977
10.235003,10.389026
9.936221,10.085851
10.257918,10.146473
10.265306,10.308986
10.126842,10.308986
10.276317,10.389026
10.028384,10.976799
10.381682,9.615872
10.076697,9.615872
10.002423,10.308986
9.840567,10.021315
9.571973,11.002116
9.654247,11.002116
10.02671,10.165891
9.835172,9.903538
9.880393,10.389026
9.8062105,10.308986
10.082702,10.59666
9.78486,9.852247
9.762057,10.043293
9.757236,9.7981825
10.258706,10.021315
10.109289,10.116621
10.292481,10.491302
9.16027,10.045031
10.100572,10.78934
10.099518,10.308986
10.278384,10.463132
10.324719,10.59666
10.542815,10.621352
9.861856,9.64866
10.039647,10.621352
10.186441,9.952325
10.240447,10.308986
10.188655,10.571342
10.431977,10.434145
10.14575,10.59666
9.931551,9.998843
10.682302,10.8685875
10.005958,11.042938
10.044894,10.221977
10.324822,10.72549
9.638187,9.462266
10.058017,9.670357
9.770226,9.4697
10.1726465,9.82558
10.402564,9.952325
10.486056,10.389026
10.341503,11.002116
10.626703,10.819798
9.971768,9.741028
10.221662,10.268166
10.39166,10.768506
10.371137,10.021315
9.554589,10.404293
10.531724,11.042938
10.234672,9.952325
10.238496,10.532123
9.772112,9.210441
10.210546,10.657283
10.528007,10.389026
10.193972,9.952325
10.489614,11.233225
10.337884,10.1849375
10.562049,10.389026
9.843587,9.615872
9.87417,10.146473
10.278583,10.71444
10.296348,11.350418
10.173572,10.043293
10.307187,10.71444
10.297229,10.1849375
10.239551,9.9804945
10.313231,9.770013
10.673234,11.277216
9.742007,9.611664
9.720956,9.546884
10.454196,10.308986
9.876323,9.952325
10.511828,10.308986
10.072902,10.915107
9.634347,9.952325
10.122718,9.692828
9.95713,9.564232
9.817498,9.852247
10.129812,10.221977
10.094281,10.341775
9.965169,10.1849375
10.231278,10.221977
10.121419,10.463103
10.065197,10.043293
10.066987,10.043293
10.322909,10.389026
10.314524,10.532123
10.195168,10.275085
9.778625,10.126671
10.388287,10.389026
10.020605,9.82558
10.051074,10.085851
10.080371,11.338584
10.339953,10.463132
10.357039,10.2036295
10.228124,10.165891
10.44218,11.060385
10.323389,11.350418
10.406745,10.59666
10.032794,9.7981825
10.210911,11.350418
10.483968,9.82558
9.965596,10.463132
10.053546,10.2036295
10.041488,10.532123
10.432864,10.915107
10.031867,10.491302
9.828306,10.057452
10.08879,10.71444
10.46769,11.350418
9.917866,10.961295
9.737409,10.657283
10.229459,10.085851
10.31276,10.12507
10.330952,10.021315
10.111325,11.225257
10.374469,10.199175
10.49711,10.532123
10.506662,10.021315
10.285107,10.419331
10.296231,10.064798
10.688756,11.248973
10.263728,10.106469
10.232684,10.373523
10.236984,10.657283
10.622777,11.289794
10.084941,9.7981825
10.348529,10.915107
10.513089,10.463132
10.130225,10.106469
10.287218,10.915107
10.25283,10.8685875
10.266323,10.768506
10.960255,10.915107
10.215917,10.389026
10.686623,10.959558
10.10855,9.639587
10.421498,10.221977
10.308681,11.086456
10.400466,10.633472
10.052159,10.332702
10.210442,10.308986
10.304276,10.819798
9.963879,10.341775
9.974283,9.903538
10.080884,9.7981825
11.259987,10.1849375
10.328206,10.7987795
10.415174,10.657283
10.492609,10.341775
10.311955,10.357775
10.225376,10.021315
11.156685,10.308986
10.640972,11.184435
10.210311,10.71444
10.335451,10.657283
10.01917,9.82558
9.964873,10.768506
9.695537,10.463132
9.785966,10.71444
9.955792,10.126671
10.045386,9.64866
10.203296,9.680407
10.093989,9.741028
10.145541,9.998843
9.673837,10.532123
10.249966,9.952325
9.917296,9.82558
10.089759,9.800845
10.301773,10.768506
10.160928,10.558439
9.743869,11.320565
9.521445,10.645449
9.999173,10.257694
10.025466,10.717103
10.347222,10.915107
10.053072,10.59666
9.995957,10.085851
10.528756,10.308986
10.062142,10.005412
10.332389,10.389026
10.187054,11.225257
9.96334,9.878221
10.284875,10.874286
10.354222,10.457401
10.051114,10.308986
9.903319,10.308986
9.94196,9.770013
10.043515,9.770013
9.903029,9.6959095
9.927785,10.085851
10.138373,10.457401
10.271178,11.082158
10.013724,10.221977
9.39491,10.532123
10.015374,10.463103
10.361327,10.71444
10.445853,9.928229
10.163098,10.221977
10.252626,10.463132
9.919693,10.308986
10.11423,9.770013
9.916329,9.82558
10.357205,10.71444
10.550508,10.341775
10.614102,10.688051
9.98158,10.59666
9.904241,9.82558
10.014194,10.275085
9.718127,9.770013
10.079985,10.275085
9.8956,9.729194
10.45493,10.389026
10.525798,9.903538
10.54185,10.389026
10.215901,9.82558
10.0577965,9.705097
9.721757,10.545368
9.967395,9.729194
10.086959,10.126671
10.763678,10.768506
10.5286455,10.71444
10.329128,10.221977
10.499204,10.819798
10.572972,10.021315
9.902332,9.392745
10.119426,10.434145
10.357457,10.657283
9.968175,10.106469
10.335963,10.404293
10.196094,10.021315
10.157966,9.700208
10.14339,9.541154
10.359071,10.308986
9.888902,10.085851
10.523207,10.357775
10.154409,9.852247
10.103004,9.7981825
9.933666,9.878221
10.526153,11.156265
10.241988,10.474495
9.989503,10.532123
10.122756,11.407576
10.064422,9.741028
10.099388,9.852247
10.142112,10.085851
10.02724,10.463132
10.209259,10.085851
10.003621,10.59666
10.19589,10.126671
9.940011,9.711176
10.396487,10.540091
10.081218,10.474495
10.241988,10.474495
10.051904,10.126671
9.8048115,10.463132
10.234189,10.59666
9.765916,10.463132
9.85167,10.239996
9.976705,10.126671
10.431967,10.126671
10.246372,10.308986
9.906246,9.575053
10.040577,9.729194
9.710102,9.575053
10.434351,10.292179
10.198615,10.491302
9.950423,11.407576
9.931094,9.65509
10.256904,10.308986
10.176772,10.165891
10.397292,10.221977
9.650102,9.852247
9.945434,9.928229
10.331059,10.571342
9.711227,9.64866
10.537525,10.747229
10.014323,10.71444
10.27732,11.366755
9.848529,10.404293
9.700849,10.434145
9.822562,10.370393
10.044232,10.045031
10.489453,11.042938
10.094827,10.59666
9.800841,10.59666
10.239358,10.021315
9.955855,9.975855
9.885271,9.852247
10.05433,10.59666
10.504229,11.472114
10.583915,10.126671
10.434911,10.491302
10.507891,11.496806
10.406793,10.126671
10.458384,11.512936
10.125165,10.213285
9.999459,10.20474
10.3474865,10.385173
10.149053,11.041337
9.8758955,10.308986
10.05882,9.903538
10.236263,11.184435
10.124067,10.126671
10.220487,11.512936
10.15815,10.422311
10.53594,10.457401
10.118703,9.3843775
10.2251425,10.225607
9.963551,8.722417
10.377316,9.575053
9.921233,10.268166
9.929937,10.457401
9.955768,10.457401
10.162346,10.257694
10.214,10.027473
10.178449,9.680407
10.164798,10.280999
10.020358,9.575053
9.813686,9.399058
10.017319,9.542302
9.657241,9.093919
10.090224,10.901948
9.927308,9.66396
9.941882,9.621721
10.179593,10.23351
10.04783,10.917812
10.423495,11.082158
10.250964,10.23351
10.382577,11.082158
10.450897,11.002116
10.160686,10.23351
9.924184,8.786762
10.031716,10.23351
10.182185,10.23351
10.090676,10.010366
9.991101,10.714973
10.327567,10.23351
9.86299,10.748776
9.951005,10.169767
10.024339,9.597913
9.977918,9.71764
10.034572,9.71764
10.122695,11.0260935
10.042649,10.457401
10.029625,9.583076
9.935728,9.406976
10.107192,10.754236
9.83595,9.583076
9.82438,9.2680435
9.91222,9.490167
10.031652,9.537844
10.106462,10.268166
10.111295,10.385944
10.317443,10.23351
10.045684,10.126671
10.142737,10.260008
10.178517,10.389026
9.636279,10.545368
10.186147,9.741028
10.479178,9.998843
10.390354,10.915107
10.531772,10.463132
10.155284,10.915107
10.331432,10.915107
10.32554,10.021315
10.5191965,9.606765
10.401122,11.320565
10.259938,11.289794
10.045764,11.289794
10.16472,11.289794
10.134784,11.407576
11.36409,11.512936
10.383859,11.472114
9.869882,11.472114
10.426499,11.502885
10.452905,11.472114
10.366481,11.082158
10.215367,11.082158
10.352077,10.71444
10.559344,11.512936
10.616371,11.225257
10.472661,11.338584
10.057624,11.338584
10.69708,11.338584
10.383979,11.472114
10.299861,11.320565
10.344478,11.407576
10.120004,10.915107
10.349212,10.768506
10.604678,11.407576
10.600211,11.156265
10.42176,11.305299
9.952891,11.350418
10.76703,11.320565
9.915982,11.264477
10.300487,11.264477
10.135404,11.264477
10.073144,11.248973
10.739639,11.156265
10.461129,11.156265
10.133479,11.156265
10.618102,11.225257
10.287987,11.184435
10.24528,11.209127
10.487288,10.819798
10.5621805,11.191356
10.366088,11.082158
10.299298,11.225257
10.154879,11.082158
9.890328,11.184435
10.484714,11.184435
10.257363,11.097425
10.735391,11.050906
10.324999,11.156265
11.167344,11.156265
11.217307,10.819798
10.411411,11.082158
10.466747,11.156265
10.301927,10.915107
10.109731,11.119898
10.25899,11.002116
10.818891,11.082158
10.5749035,11.082158
10.380511,10.71444
10.442681,10.819798
10.401549,10.819798
10.377923,10.71444
10.491535,11.273665
10.334744,11.248973
10.240203,11.0023
10.593907,11.050906
10.053762,11.042938
10.116204,11.002116
10.565544,11.002116
10.897801,10.959558
10.145066,11.082158
10.330609,10.959558
10.435592,11.002116
10.283254,10.8685875
12.115637,10.959558
10.204953,10.915107
10.318974,10.915107
10.539882,10.849357
10.629512,11.002116
10.254205,10.71444
10.294072,10.819798
10.409797,10.896758
10.484691,10.915107
10.351199,10.959558
10.329164,10.8685875
10.487141,10.915107
9.802322,10.59666
10.488189,10.959558
10.060903,10.819798
10.455674,10.915107
10.291745,10.915107
10.3357935,10.819798
11.183791,10.959558
11.089053,10.959558
9.871623,10.8685875
10.0390005,10.959558
10.094331,10.434145
10.114738,11.002116
10.264225,10.915107
9.936681,11.115443
10.3009,10.874286
10.291613,11.086456
10.013129,10.736419
10.653545,10.819798
9.903497,10.8685875
10.148643,10.8685875
10.512816,10.819798
10.062631,10.915107
10.227391,10.819798
10.02314,10.768506
10.53048,10.768506
10.6563635,10.915107
10.193511,10.915107
10.47317,10.819798
10.13276,10.819798
10.378895,10.915107
10.228797,10.819798
10.232438,10.819798
10.85786,10.221977
10.421379,10.419331
10.217851,10.8685875
10.277664,10.819798
10.347,10.325515
10.432992,10.827766
10.18471,10.78934
10.405871,10.680539
9.824794,10.989876
9.343829,10.609082
10.480032,10.819798
10.42175,10.71444
10.6358385,10.657283
9.910461,10.308986
10.83121,10.558439
10.806455,10.819798
10.423289,10.532123
10.671565,10.59666
10.46897,10.768506
10.39812,10.691968
10.2872,10.71444
9.580958,10.691968
10.370309,10.819798
10.137594,10.463132
10.271398,10.463132
10.496007,10.532123
10.23998,10.71444
10.073161,10.657283
10.113606,10.799596
10.702985,10.819798
10.314513,10.1849375
10.163415,10.1849375
10.586411,10.477316
10.404978,10.768506
10.22845,10.71444
10.584561,10.71444
10.299894,10.126671
11.249284,10.768506
9.927855,10.936975
10.591477,10.747229
9.941155,10.357775
10.296314,10.680539
10.517076,10.59666
10.3144245,10.657283
9.954965,10.657283
10.201331,10.59666
9.771481,10.59666
10.300789,10.59666
10.143456,10.71444
10.322267,10.71444
10.464244,10.59666
10.405926,10.511921
10.070983,10.59666
9.865511,10.59666
9.888678,10.532123
10.323346,10.657283
10.069963,10.657283
10.4199705,10.768506
10.309751,10.59666
11.187541,10.71444
10.463296,10.59666
10.143189,10.59666
10.195279,10.59666
11.219587,10.532123
10.385901,10.71444
10.43765,10.657283
10.512799,10.633472
10.284837,10.021315
10.000949,10.532123
10.488856,10.657283
10.019929,10.657283
10.115771,10.126671
10.343292,10.7232895
10.740526,10.657283
10.181165,10.385944
10.351394,10.59666
10.214273,10.59666
10.166348,10.657283
10.542123,10.59666
10.594985,10.657283
10.52226,10.532123
10.0975485,9.472781
10.005036,10.657283
10.580661,10.59666
10.2283125,10.59666
10.360688,10.657283
10.266544,10.633472
10.2459135,10.558439
10.376109,10.633472
10.411639,10.633472
10.089339,10.571342
10.036815,10.80033
10.169299,10.558439
9.892835,10.518701
10.151893,10.673619
10.059762,10.778977
10.356398,10.491302
9.835,10.621352
10.279744,10.558439
10.635795,10.657283
10.254013,10.558439
10.09328,10.735636
10.312184,10.463132
10.433196,10.463132
10.121142,10.532123
10.119437,10.532123
10.335815,10.571342
10.111214,10.463132
10.04328,10.532123
10.025989,10.59666
10.618194,10.463132
10.048745,10.463132
10.344695,10.463132
10.116542,10.463132
10.504756,10.389026
10.3995695,10.59666
10.234437,10.532123
10.287578,10.463132
10.1278715,10.463132
11.049644,9.903538
10.452121,10.59666
9.814232,10.59666
10.413761,10.463132
10.368667,10.463132
10.267119,10.463132
10.058854,10.59666
10.263033,10.532123
9.997167,10.389026
10.501707,10.463132
9.696788,10.59666
10.939258,10.505095
9.774144,10.389026
10.272563,9.903538
10.13203,9.903538
10.440226,10.532123
11.4658985,10.308986
10.223917,10.59666
9.976205,10.308986
10.334714,9.903538
10.34905,10.463132
10.667727,10.463132
10.125434,10.448744
10.258688,10.505095
10.323159,10.505095
10.897022,10.545368
9.979987,10.545368
10.006667,10.545368
9.953869,10.463132
10.44007,10.477316
10.015281,10.66693
10.378312,10.419331
10.184517,10.477316
10.272001,10.491302
10.2657995,10.491302
10.338019,10.488743
10.137317,10.648871
10.169352,10.648871
10.009017,10.648871
9.704819,10.648871
10.626041,10.463132
10.147496,10.434145
10.396893,10.404293
10.325583,10.338544
10.308894,10.491302
10.309461,10.325515
10.490577,10.404293
10.139428,10.463132
10.390729,10.657283
10.373209,10.275085
10.189825,11.082158
10.401812,10.434145
10.049157,10.768506
9.887394,10.308986
9.919979,9.975855
10.0126915,10.463132
10.245391,10.463132
10.008933,9.546884
10.0609255,9.510519
10.4085455,11.002116
10.027541,10.59666
10.076463,10.308986
10.214429,9.546884
10.457961,10.389026
10.226906,11.002116
10.151458,10.1849375
10.083108,10.463132
10.517236,10.389026
10.443702,11.289794
10.354084,11.225257
9.823864,10.021315
9.305522,9.862718
9.766837,10.71444
10.017909,10.389026
9.993283,10.389026
10.448853,10.448744
10.50583,10.463132
10.708947,10.419331
10.427934,10.389026
10.26242,10.389026
10.46474,10.308986
9.587337,10.419331
10.278267,10.389026
10.02493,10.463132
10.665475,10.239996
10.120484,10.389026
10.131591,10.463132
10.564017,10.463132
10.138769,10.292179
10.598143,10.463132
10.080887,10.463132
10.069125,10.463132
11.110771,10.389026
10.418146,10.389026
10.333114,10.389026
10.360833,10.308986
10.844586,10.389026
10.18978,10.292179
10.39969,10.308986
9.9850645,10.308986
10.576068,10.308986
10.439015,10.389026
10.207725,10.308986
10.289586,10.434145
10.494805,10.389026
10.25994,10.389026
10.372529,10.389026
10.3240595,10.389026
10.793434,10.289973
10.278704,10.389026
10.153943,10.389026
10.264874,10.308986
10.187854,10.463132
10.209883,10.308986
9.966334,10.1849375
10.1665125,10.389026
10.080455,10.463132
10.317119,10.373523
10.416036,10.275085
10.215274,10.434145
10.262425,10.434145
10.532925,10.357775
10.240339,10.357775
10.31798,10.357775
10.267388,10.275085
10.245144,10.308986
10.063631,10.165891
10.302886,10.126671
10.371816,10.308986
10.191432,10.1849375
10.071216,10.221977
10.504733,10.221977
9.485742,10.308986
10.220083,10.221977
10.179409,10.308986
10.440421,10.308986
10.1887245,10.308986
10.265101,10.275085
10.219193,10.239996
10.250443,10.318045
10.070078,10.165891
10.356484,10.1849375
10.461324,10.146473
9.833431,10.1849375
10.356523,10.239996
10.110587,10.1849375
10.289053,10.221977
10.472983,10.239996
10.058358,10.434145
10.788629,10.2036295
10.299441,10.1849375
10.165763,10.165891
10.139068,10.165891
10.518378,10.126671
10.08093,10.146473
10.199762,10.064798
10.250054,10.2036295
10.077752,10.146473
10.081008,10.165891
10.146428,10.126671
10.241706,10.126671
10.478718,10.064798
9.998927,10.085851
10.978061,10.043293
10.043762,10.126671
10.209774,10.064798
10.252906,9.770013
10.132557,9.770013
10.263269,9.964159
10.095386,9.839003
10.51116,10.021315
10.338069,10.021315
10.084268,10.126671
10.193473,10.126671
10.136223,9.903538
10.347213,10.126671
9.8631735,10.126671
10.52333,10.308986
10.06313,10.126671
10.187144,10.021315
10.387101,9.852247
10.2175,10.021315
10.039979,10.021315
10.303978,10.126671
10.520663,10.021315
10.224463,10.021315
10.362641,10.043293
10.283374,10.021315
10.317539,10.021315
10.29836,10.064798
10.14265,10.021315
10.605416,10.021315
10.158846,9.770013
10.18869,10.064798
10.101462,10.085851
10.259999,9.998843
10.282662,9.998843
10.011791,10.085851
9.965397,9.7981825
10.143341,9.7981825
10.1119795,9.998843
10.210287,10.021315
10.456004,10.043293
10.209773,9.7981825
10.020339,10.085851
10.038468,9.729194
10.248218,10.064798
10.237206,9.7981825
10.208471,10.05608
10.109643,9.975855
10.305363,9.921131
10.441539,9.770013
10.1787615,9.952325
10.014179,9.952325
10.040811,9.952325
10.091559,10.021315
10.420838,9.998843
10.355563,9.903538
10.336076,9.878221
10.215249,9.615872
10.148276,9.615872
10.207646,9.903538
10.1709585,9.998843
10.182482,9.903538
10.272115,9.878221
10.141828,9.928229
10.120179,9.952325
10.643697,9.952325
10.271291,9.952325
10.346389,9.878221
10.280126,9.9223585
10.479371,10.06399
10.060813,9.911506
10.113378,9.903538
10.137515,9.878221
9.922879,9.770013
9.96503,10.221977
10.148968,9.903538
9.983683,9.680407
9.979352,9.903538
10.0984,9.903538
10.110597,9.903538
10.104024,9.903538
9.780055,9.769957
10.725209,9.741028
10.076888,9.741028
9.92669,9.741028
10.005876,9.7981825
10.1330805,9.7981825
9.85663,9.686637
9.922172,9.554001
10.054699,9.82558
10.10286,9.546884
10.308114,9.546884
10.080136,9.7981825
10.00748,9.7981825
10.0722475,9.766694
10.270713,9.741028
9.306668,9.770013
9.942634,9.697447
10.195519,9.581973
10.2347555,9.546884
9.952573,9.624303
10.126712,9.615872
10.073476,9.615872
9.851392,9.510519
10.399331,9.615872
10.103614,10.357775
10.158807,9.488048
10.036607,9.510519
10.170825,9.546884
10.068013,9.510519
10.049118,9.453365
10.170518,9.601369
10.186634,9.587612
9.917714,9.159152
10.276685,11.181766
10.218806,9.218408
10.08248,10.863317
10.39356,10.021315
10.454603,9.770013
10.091415,10.165891
10.481217,11.191356
10.2390585,11.156265
9.939771,9.958023
10.160148,9.903538
10.217445,10.292179
9.64373,10.064798
9.998519,9.7981825
9.615407,9.7981825
10.141854,9.903538
9.920887,9.903538
10.082601,9.615872
10.010886,10.463132
9.903585,9.615872
9.903532,9.903538
9.943213,9.615872
10.141389,10.126671
9.942801,10.126671
9.397972,9.210441
9.37671,9.350189
9.773084,8.9227915
9.254182,8.657129
9.855809,9.210441
8.878997,10.59666
8.757993,9.210441
10.213894,8.9227915
9.312887,8.9227915
9.12569,9.210441
10.08015,11.156265
10.290687,11.225257
10.254539,10.268166
10.341043,10.268166
10.2299595,10.275085
10.0053215,9.903538
10.510104,9.998843
10.242114,10.457401
10.536223,10.389026
10.013038,10.422311
10.098817,9.903538
10.38288,10.043293
10.034281,10.021315
10.279666,10.532363
9.558557,9.966274
10.182097,10.621352
10.132608,10.876971
10.112629,10.343387
9.912589,10.06951
9.748332,9.621589
10.173232,11.156265
10.04061,10.408858
10.143302,10.603834
10.143302,10.535769
10.091439,10.383565
10.386035,10.029503
10.198923,9.492582
10.384673,10.25418
9.840489,10.59666
9.962441,10.59666
9.747109,10.59666
10.43066,11.225257
10.513057,11.461642
10.517091,10.463132
10.269716,11.512936
10.559106,10.915107
10.334699,10.71444
10.456735,11.082158
10.32558,10.71444
10.046607,9.685393
10.073337,10.8685875
10.124863,11.143614
10.269792,10.268166
10.113779,9.575053
10.18085,9.615872
10.397635,10.165891
10.257186,9.768412
10.20696,10.165891
10.043315,10.165891
10.218493,9.768412
10.209451,9.768412
10.1834135,10.146473
10.226741,9.384714
10.284436,10.106469
10.27828,9.768412
9.9224825,10.657283
10.125192,10.167811
10.4414215,10.221977
10.137698,10.504547
9.967702,10.085851
9.985671,9.554143
10.139707,10.1849375
9.993825,9.554143
9.957363,10.234265
10.173429,10.504547
10.412381,10.146473
10.403792,10.239996
9.646836,10.738156
10.324262,10.308986
9.586634,10.892303
9.749923,10.332702
9.880042,10.837245
10.433077,10.085851
9.909699,10.818197
10.402993,10.308986
9.833019,11.115443
9.649546,10.855937
10.272544,10.657283
10.399505,10.621352
10.22993,10.1849375
9.725993,10.651147
10.090507,10.778977
10.151549,10.778977
10.11535,10.126671
10.376836,10.727685
10.245784,11.264477
10.011407,9.975855
10.410518,11.042938
10.108244,10.126671
10.040943,10.126671
10.25689,9.680407
10.079946,10.633472
10.419966,10.657283
10.408576,10.404293
10.124988,10.308986
10.245397,10.389026
10.167516,9.852247
10.204607,10.819798
10.837081,10.819798
9.867101,10.357775
10.353298,10.819798
10.1066065,10.126671
10.363553,10.71444
10.355362,10.064798
9.679047,10.308986
10.249843,10.532363
10.327378,10.532363
10.006118,10.71444
9.989177,10.389026
10.426568,10.389026
10.233324,10.59666
10.178195,11.002116
10.255373,10.71444
10.269041,10.959558
10.5387335,11.289794
9.721035,10.633472
10.10264,10.221977
10.211747,10.555839
10.374343,10.491302
10.126954,10.558439
10.194871,10.239996
10.256791,10.609082
10.13335,9.711176
9.864785,10.275085
10.357818,10.341775
9.905887,9.711176
9.505608,10.2036295
10.223554,10.221977
9.81095,10.463132
10.212498,9.741028
10.203046,10.747229
10.161098,10.768506
10.081887,10.915107
10.220517,10.959558
10.165793,11.042938
10.121048,10.308986
10.215362,11.082158
10.22771,10.126671
10.379315,10.59666
9.867408,10.1849375
10.231497,10.78934
10.389838,10.085851
10.073899,10.896758
10.05182,10.736419
9.8545265,10.524091
10.401916,10.545368
9.99422,10.463132
9.929648,10.357775
10.506759,11.119898
10.137065,11.082158
10.306134,10.819798
9.937185,10.1849375
9.803346,10.71444
10.279661,10.463132
10.203627,10.757924
9.887822,10.043293
10.499883,10.657283
10.426087,10.085851
10.410929,9.975855
10.227241,10.657283
10.351564,10.59666
10.204398,9.975855
10.025713,9.495594
10.030728,9.746892
9.661849,10.532123
10.257753,10.126671
10.072188,10.239996
10.289678,10.571342
10.128928,9.7981825
10.128928,9.581973
10.080892,10.657283
10.436641,11.350418
10.329257,11.289794
10.272824,10.432379
10.234991,10.463132
10.205389,11.082158
10.479427,8.818926
9.90337,10.066923
10.031617,10.348206
9.860076,10.348206
9.592466,9.903538
10.740948,10.537442
9.609233,9.903538
10.416563,10.537442
9.679225,9.680407
9.977767,10.463132
9.793164,9.615872
10.190287,9.472781
10.402446,10.537442
10.513229,10.537442
10.340843,10.463132
10.28834,10.308986
9.949,9.431963
9.894893,10.126671
9.830909,9.7981825
10.287166,9.903538
10.238126,10.308986
10.003919,10.239996
10.198131,10.71444
10.007794,10.2036295
10.296716,10.2036295
10.087694,11.066654
10.719712,10.537442
10.219037,10.59666
9.618115,9.7981825
10.479688,10.537442
9.966723,10.165891
10.089807,10.819798
10.096164,10.545368
9.985099,10.71444
10.435175,10.59666
9.919241,10.463132
9.741564,10.389026
9.561957,9.952325
10.026898,10.157859
10.229297,10.819798
10.353616,10.545368
10.202813,11.350418
10.146321,9.903538
10.102719,10.463132
9.860927,9.770013
9.731593,9.546884
9.651719,9.679907
10.570091,10.915107
9.988927,11.350418
10.54038,10.571342
9.963471,10.915107
10.179933,10.59666
9.952458,10.336957
9.696497,9.730978
10.403947,10.915107
10.690999,10.537442
10.010791,10.5355835
10.075108,10.308986
9.638305,11.002116
9.759458,11.082158
9.962277,11.225257
10.412942,11.350418
10.289202,11.350418
10.086429,9.998843
9.67479,9.809232
10.771903,10.537442
10.450024,10.463132
10.684775,10.502352
9.978477,10.308986
9.95062,10.126671
9.97391,10.545368
10.140144,10.545368
9.876609,10.545368
10.589177,10.502352
10.709842,10.537442
9.32484,10.126671
9.650803,9.852247
9.519618,10.126671
10.227751,10.59666
9.843442,10.59666
10.532687,10.502352
10.478782,10.571342
10.40092,10.502352
9.657275,10.448744
10.425007,10.571342
9.786764,9.838202
9.947782,9.741028
9.769916,9.998843
10.048046,10.308986
10.434456,10.915107
10.494857,10.308986
9.64744,9.852247
10.478206,11.476894
10.16917,10.308986
10.264035,10.463132
9.97135,10.59666
10.628791,10.502352
10.16896,10.571342
10.40092,10.502352
10.010887,9.729194
9.927554,9.729194
10.121112,9.729194
10.330266,11.289794
10.248404,11.289794
10.279994,11.289794
10.24443,11.289794
10.159368,11.289794
10.38066,11.918397
10.484708,11.097425
10.350556,11.461642
10.638282,11.608245
10.658267,11.289794
10.370797,11.258046
10.609014,11.4876175
10.492365,11.472114
10.379166,11.413116
9.873015,11.496806
10.71099,11.407576
10.69724,11.407576
10.6831045,11.407576
10.775773,11.350418
10.358715,11.407576
10.205954,11.434975
10.358506,11.156265
10.42876,10.959558
10.109847,11.156265
10.435929,11.156265
10.04149,11.446796
10.157968,11.407576
10.301637,11.420821
10.502992,11.407576
10.367013,11.407576
10.242917,11.440366
10.068482,11.407576
10.466754,11.472114
10.592318,11.407576
10.704385,11.338584
10.427573,11.407576
10.578479,11.350418
10.482837,11.407576
10.308063,11.352769
10.474881,11.289794
10.339112,11.373675
10.406533,11.289794
10.641654,11.407576
10.262944,11.407576
10.372756,11.320565
11.267185,11.320565
10.507784,11.350418
10.316751,10.71444
10.297392,10.1849375
10.574115,11.225257
10.578026,11.138247
10.433075,11.305299
10.408281,11.366755
10.469462,11.258046
10.61562,11.258046
10.598142,11.191356
10.39766,11.258046
11.213584,11.119898
10.634786,11.258046
9.711371,11.366755
10.371837,11.264477
10.467181,11.264477
10.448342,11.264477
10.781684,11.338584
10.517947,11.338584
9.964357,11.184435
10.385294,11.184435
10.369209,11.184435
10.658036,11.338584
9.980851,11.472114
10.678533,11.256755
10.465405,11.082158
10.581535,11.289794
10.625904,11.191356
10.510908,11.156265
10.39873,11.082158
10.722476,11.156265
10.620694,11.225257
10.337452,11.156265
10.5009165,11.156265
10.610074,11.225257
10.161112,11.156265
10.183158,11.225257
10.315076,11.289794
10.454465,11.156265
10.429042,11.082158
10.273572,11.289794
10.396346,11.258046
10.4367285,11.225257
10.630694,11.225257
10.581,10.915107
10.227217,11.217225
10.341883,11.233225
10.481012,11.200964
10.897265,11.184435
10.628056,11.225257
10.706979,11.225257
10.555718,11.097425
10.342969,11.366755
10.438223,11.366755
10.438223,11.366755
9.711098,11.248973
10.251547,10.959558
10.569592,10.915107
10.495602,11.156265
10.575718,11.082158
10.915061,11.225257
10.402216,11.156265
10.425488,11.156265
10.613128,10.71444
10.268246,11.156265
10.316581,11.156265
10.419616,11.156265
10.362772,11.119898
10.421941,10.959558
10.441724,10.959558
10.645505,11.082158
11.942336,11.225257
10.609567,11.021919
10.569537,11.1346035
10.580268,11.141876
10.470302,11.184435
10.438279,11.184435
10.655765,11.002116
10.435809,11.156265
10.462045,10.915107
10.23482,11.156265
9.932818,11.119898
10.2582245,11.082158
10.401315,10.959558
10.611801,11.156265
10.12073,11.082158
10.399213,11.082158
10.764398,11.082158
10.552899,11.002116
10.074131,11.119898
10.399877,11.002116
10.325489,11.042938
10.7151785,11.042938
10.44074,11.082158
10.3381605,11.002116
10.544152,11.002116
10.3403635,11.002116
10.280787,11.002116
10.345475,11.156265
10.2566805,11.082158
10.492876,11.156265
10.103217,11.082158
10.052858,11.119898
10.681315,11.119898
10.124394,10.8685875
10.494273,11.184435
10.364411,10.961295
10.061164,11.248973
10.293349,11.248973
10.1076355,11.184435
10.429906,11.248973
10.095186,11.248973
10.275744,11.115443
10.289755,11.248973
10.593731,11.031674
10.572225,11.088293
10.167319,11.082158
10.582506,10.959558
10.35826,10.915107
10.613402,10.959558
10.453288,11.082158
10.502629,11.042938
10.613969,11.082158
10.289614,11.042938
10.515441,11.082158
10.280104,10.959558
10.300462,11.082158
10.544436,11.082158
10.431247,10.8685875
10.591665,10.959558
10.425202,11.082158
10.134938,11.042938
10.176145,10.389026
10.521972,11.002116
10.683246,10.8685875
10.096413,11.002116
10.440909,10.915107
10.223868,10.915107
10.290277,10.915107
10.590275,11.002116
10.488105,11.002116
10.955178,11.082158
10.538789,11.079077
10.551772,10.896758
10.115605,11.079077
10.575561,10.959558
11.109195,10.959558
10.619611,10.937579
10.697011,10.574542
10.7780905,10.946428
10.511433,10.817797
10.510779,10.915107
10.371398,10.915107
10.315431,11.002116
10.518611,10.959558
10.217306,10.915107
10.1030445,11.002116
10.34133,10.915107
10.528539,10.819798
10.600953,10.959558
10.461086,10.8685875
10.241521,10.915107
10.492087,10.915107
10.58838,10.8685875
10.544915,10.8685875
10.517087,10.8685875
11.264276,10.819798
10.405285,10.308986
9.678862,10.896758
10.299679,10.691968
10.6460705,10.71444
10.415626,10.959558
10.239032,11.002116
10.594183,11.002116
10.403079,10.915107
10.588286,10.915107
10.235943,10.959558
10.28626,10.915107
10.154756,10.915107
10.466595,10.8685875
10.488223,10.819798
10.343031,10.915107
10.208066,10.915107
10.213631,10.819798
10.667081,10.915107
10.360776,10.308986
10.759776,10.915107
10.405892,10.959558
10.460067,10.959558
10.141831,10.915107
10.111341,11.002116
10.656669,10.915107
10.688054,10.8685875
10.215578,10.915107
10.586478,10.819798
10.518074,10.819798
10.252032,10.915107
10.266833,11.002116
10.347695,10.819798
10.526537,10.915107
10.617103,11.002116
10.871463,10.915107
10.425191,11.002116
10.433698,10.968216
10.182893,10.8685875
10.29941,10.915107
10.061171,10.819798
10.370658,11.041337
10.263984,11.010084
10.165967,10.961295
10.186275,10.961295
10.363966,11.093782
9.968286,11.115443
10.334453,10.924156
10.000529,10.849357
10.52551,10.918736
10.380012,10.887456
10.532394,10.950824
10.282246,10.839601
10.358526,10.839601
10.19242,10.839601
10.268702,10.839601
10.31428,10.78934
10.068856,10.878066
10.445893,10.944489
10.201953,10.851296
10.276331,10.71444
10.239114,10.819798
10.139312,10.819798
10.079788,10.768506
10.017895,10.915107
10.468995,10.819798
10.257236,10.819798
10.487616,10.8685875
9.925832,10.768506
10.16069,10.819798
10.303189,10.819798
9.919102,10.71444
10.161217,10.915107
10.568233,10.768506
10.555342,10.819798
10.352071,10.819798
10.506329,10.768506
10.833697,10.819798
10.259959,10.8685875
10.137776,10.789319
10.298699,10.915107
10.335731,10.915107
10.097993,10.8685875
10.512476,10.915107
10.224348,10.915107
10.291974,10.819798
10.180678,10.8685875
10.351239,10.768506
10.153268,10.819798
10.452831,10.8685875
10.462757,10.819798
9.996786,10.915107
10.28699,10.768506
10.405719,10.819798
10.983342,10.71444
10.222596,10.768506
10.354117,10.819798
10.17814,10.809748
10.327736,10.839601
10.264983,10.896758
10.289335,10.896758
9.732962,11.025832
10.122136,10.878066
10.019111,10.827766
10.506412,10.874286
10.248925,10.736419
10.311918,10.819798
10.118803,10.719848
9.7396,10.719848
10.338359,10.892303
10.281964,10.874286
10.274924,10.855937
10.312633,10.874286
10.394717,10.874286
9.59365,10.532123
10.548147,10.71444
11.468826,10.657283
10.550275,10.768506
10.574278,10.768506
10.449893,10.59666
9.533507,10.463132
9.537272,10.463132
10.234521,10.71444
10.295694,10.768506
10.173833,10.71444
10.251439,10.71444
9.972112,10.819798
10.30065,10.71444
11.724742,10.819798
10.27397,10.768506
10.517648,10.71444
10.463554,10.657283
10.462091,10.819798
10.181684,10.71444
10.384044,10.768506
10.283475,10.59666
10.232951,10.819798
10.072866,10.691968
10.215938,10.71444
10.605342,10.71444
10.216215,10.819798
10.818112,10.71444
10.1694765,10.819798
10.784495,10.59666
10.426667,10.819798
9.462399,10.819798
9.88413,10.819798
10.264797,10.819798
10.14408,10.819798
10.463729,10.768506
10.015483,10.71444
10.212401,10.768506
9.92855,10.799596
10.458007,10.819798
10.126459,10.768506
10.186416,10.71444
10.2359915,10.532123
10.19382,10.59666
10.16718,10.657283
10.26831,10.768506
10.752051,10.768506
10.068837,10.657283
10.214906,10.71444
9.713893,10.71444
10.2599535,10.657283
9.80424,10.71444
10.25456,10.404293
10.333951,10.736419
10.305429,10.819798
10.442298,10.768506
10.468501,10.463132
10.468501,10.463132
10.276021,10.768506
10.565712,10.71444
9.981079,10.819798
10.549075,10.768506
10.506383,10.819798
10.073121,10.768506
10.24532,10.768506
10.208401,10.71444
10.168138,10.768506
10.083799,10.657283
10.342956,10.71444
10.17766,10.768506
10.5062895,10.768506
10.21322,10.819798
10.354613,10.71444
10.312539,10.71444
11.127197,10.768506
10.334562,10.71444
11.2355585,10.71444
10.174651,10.819798
10.679011,10.768506
10.11785,10.819798
10.17822,10.768506
10.276697,10.768506
10.426762,10.768506
10.65237,10.768506
10.438184,10.819798
10.674301,10.71444
10.493596,10.799596
10.260516,10.757924
10.309585,10.708869
10.142555,10.927394
10.10623,10.927394
10.338807,10.645449
10.281123,10.645449
10.3756,10.778977
10.598025,10.491302
10.353097,10.778977
10.498101,10.727685
10.238564,10.736419
10.176835,10.778977
10.455039,10.778977
10.377501,10.7987795
10.696439,10.741838
10.090781,10.680539
10.330614,10.621352
9.847625,10.736419
10.560338,10.571342
10.390288,10.609082
10.311972,10.517348
10.310044,10.517348
10.420739,10.668979
10.030215,10.706095
10.48816,10.532123
10.267863,10.609082
10.295225,10.59666
10.314342,10.532123
10.221141,10.59666
10.014508,10.59666
10.559234,10.532123
10.320743,10.532123
10.336574,10.532123
10.000173,10.463132
10.338753,10.532123
10.448416,10.71444
10.42283,10.657283
10.205222,10.71444
10.149033,10.657283
10.560729,10.657283
10.091532,9.975855
10.181812,10.404293
11.368276,10.71444
10.01533,10.657283
10.045501,9.852247
10.327097,10.657283
10.123979,10.609082
10.113265,10.657283
10.275588,10.71444
10.502338,10.59666
10.254074,10.633472
9.983589,10.59666
10.462018,10.657283
10.280809,10.59666
10.338268,10.633472
10.196471,10.71444
10.17529,10.532123
9.881977,10.59666
9.998764,10.532123
10.151708,10.59666
10.349584,10.532123
9.934632,10.657283
9.600062,10.657283
10.516633,10.59666
10.009088,10.657283
10.093537,10.59666
10.550464,10.657283
10.199595,10.657283
10.810039,10.59666
9.831384,10.657283
10.631707,10.71444
10.635596,10.657283
9.9658985,10.657283
10.561284,10.59666
10.343331,10.71444
10.14524,10.59666
9.74244,10.657283
10.356978,10.71444
10.015811,10.657283
10.056136,10.657283
10.785905,10.71444
10.465171,10.59666
10.452513,10.59666
9.927743,10.657283
10.079705,10.71444
10.215049,10.657283
10.250055,10.657283
10.17352,10.657283
10.418673,10.532123
10.188283,10.59666
9.995563,10.657283
9.920868,10.657283
10.448583,10.59666
10.399664,10.657283
10.178795,10.657283
10.014322,10.657283
10.568629,10.657283
10.822742,10.71444
10.146522,10.657283
10.047875,10.71444
10.734525,10.657283
10.187192,10.71444
9.4934845,10.357775
10.22905,10.657283
10.4536085,10.657283
10.400733,10.021315
10.155818,10.633472
10.117087,10.657283
10.266166,10.59666
10.454778,10.71444
10.564331,10.657283
10.186351,10.59666
10.066685,10.657283
10.073173,10.59666
10.140203,10.59666
10.42765,10.658505
10.398139,10.699417
10.273799,10.633472
10.318477,10.645449
10.531518,10.691968
10.069279,10.758775
10.355313,10.778977
10.208888,10.778977
9.910562,10.778977
10.28868,10.758775
10.322745,10.778977
10.270566,10.738156
10.386844,10.555839
10.048733,10.778977
10.435849,10.778977
10.574475,10.673619
10.552885,10.609082
10.261592,10.505095
9.982379,10.59666
10.246537,10.633472
10.206811,10.609082
9.8901415,10.786531
10.228209,10.758775
10.229629,10.758775
10.2617035,10.717103
10.388145,10.695598
10.472886,10.695598
9.943038,10.609082
10.2699995,10.717103
10.065988,10.463132
10.339908,10.571342
10.306096,10.491302
10.150681,10.645449
10.097745,10.738156
9.699425,10.758775
10.387657,10.695598
10.357741,10.717103
10.481133,10.717103
9.955888,10.59666
9.899802,10.5836
10.18978,10.609082
10.1687975,10.477316
10.043492,10.584082
10.334613,10.621352
10.229463,10.616462
10.042811,10.730204
10.172511,10.532123
10.546932,10.532123
10.491439,10.59666
10.455239,9.903538
10.297989,10.463132
10.500913,10.463132
10.07751,10.59666
10.156959,10.59666
10.191936,10.463132
10.259083,10.463132
10.315909,10.532123
10.034278,10.532123
10.228719,10.59666
10.517867,10.59666
10.399808,10.275085
10.486201,10.532123
10.4883375,10.59666
10.545516,10.463132
10.233504,10.463132
9.92838,10.532123
10.281168,10.558439
10.727403,10.532123
10.243621,10.532123
9.805986,10.463132
10.121283,10.532123
10.310845,10.463132
9.878453,10.064798
10.237225,9.903538
9.824914,9.903538
9.9990835,10.463132
10.185661,10.419331
10.941143,10.59666
10.06938,10.463132
10.443021,10.59666
10.168151,10.532123
10.766684,10.463132
10.154115,10.59666
10.317519,10.463132
10.317452,10.434145
11.295143,10.463132
10.412151,10.463132
9.754644,10.389026
10.562266,10.463132
10.376943,10.49269
10.296084,10.389026
10.076449,10.59666
10.423266,10.532123
10.1554365,10.463132
9.966086,10.532123
10.065946,10.532123
10.254037,10.463132
10.192601,10.532123
10.058387,10.532123
10.052423,10.59666
9.869985,10.389026
10.393178,10.389026
10.021727,10.59666
10.601585,10.532123
10.344362,10.532123
10.1464205,10.463132
10.98142,10.463132
10.713847,10.59666
9.764094,10.59666
9.808726,10.532123
10.063148,10.463132
10.150874,10.59666
10.419158,10.463132
10.262975,10.463132
10.194005,10.308986
10.372815,10.532123
10.307443,10.463132
10.312869,10.59666
9.999625,10.463132
10.3763275,10.532123
10.440276,10.463132
10.309058,10.59666
10.417735,10.308986
10.1503,10.463132
10.313446,10.463132
10.193292,10.59666
10.52411,10.463132
10.883923,10.463132
10.431842,10.558439
10.193655,10.463132
10.86829,10.434145
10.315137,10.532123
10.783039,10.463132
9.901114,10.532123
10.084649,10.463132
10.149821,10.59666
9.9486885,10.463132
10.053001,10.532123
10.103244,10.463132
10.435214,10.571342
10.346719,10.463132
10.422891,10.532123
9.735723,10.532123
10.47453,10.558439
10.352236,10.518701
10.298451,10.571342
10.690101,10.532123
9.90806,10.695598
10.283124,10.695598
10.295751,10.628158
9.876142,10.385944
10.382712,10.555839
10.229034,10.55391
10.2887945,10.477316
10.2899685,10.491302
10.372575,10.477316
10.348312,10.434145
10.236175,9.852247
10.256349,9.8705
10.400623,10.463132
10.087028,10.505095
10.314742,10.545368
10.245353,10.404293
10.497567,10.404293
9.893057,10.505095
10.350779,10.545368
10.66809,10.434145
10.137881,10.545368
9.865344,10.545368
10.451828,10.566201
10.56133,10.524091
9.810527,10.518701
10.104781,10.477316
9.907202,10.419331
10.5134,10.463132
9.881299,10.518701
10.45605,10.491302
9.595636,10.463132
9.873568,10.448744
9.650991,10.518701
10.303646,10.518701
10.443979,10.621352
10.185473,10.498222
10.528606,10.491302
10.298007,10.419331
10.056504,10.518701
10.462167,10.491302
10.192497,10.325515
10.506378,10.257694
10.220468,10.419331
10.524095,10.419331
10.454967,10.651147
9.879585,10.391331
10.055599,10.491302
10.43691,10.41184
9.749225,10.385944
10.178916,10.422311
10.1284895,10.477316
10.631154,10.419331
9.499752,10.308986
10.390452,10.422311
10.40117,10.448744
9.872596,10.404293
10.168889,10.488604
10.388248,10.487573
10.078494,10.504547
10.094695,10.604628
10.434152,10.580531
10.472514,10.389026
10.591913,10.463132
9.871503,10.389026
10.290872,10.357775
11.169648,10.389026
10.174457,10.341775
9.910755,10.341775
10.17353,10.463132
10.616384,10.389026
10.221217,10.463132
9.586538,10.389026
10.217446,10.419331
9.756438,10.1849375
10.578485,10.389026
10.538877,10.357775
9.948508,10.434145
10.152328,10.389026
10.31421,10.419331
9.90524,10.308986
10.273947,10.389026
9.943052,10.389026
9.889176,10.389026
10.436963,10.389026
9.9154825,10.239996
10.212658,10.434145
10.004878,10.308986
10.133822,10.308986
10.383363,10.308986
10.161223,10.308986
10.092053,10.36568
10.28908,10.463132
10.333668,10.308986
10.780225,10.308986
9.719616,9.770013
10.43391,10.308986
10.062785,10.463132
9.865539,10.463132
9.998688,10.308986
10.045895,10.308986
10.588124,10.389026
10.406852,10.221977
10.442079,10.389026
10.316308,10.357775
10.644519,10.419331
8.87529,10.308986
10.140538,10.463132
10.244256,10.341775
9.7313595,10.308986
9.737348,10.389026
11.171315,10.463132
10.305556,10.308986
10.713747,10.463132
10.828355,10.389026
10.267446,10.419331
10.598644,10.357775
10.473283,10.15448
10.666146,10.389026
10.264631,10.463132
10.071757,10.389026
10.567971,10.357775
10.152995,10.389026
10.006438,10.419331
10.063121,10.463132
10.026992,10.463132
10.4545355,10.308986
10.375447,10.419331
9.591372,10.463132
10.03181,10.389026
10.1605215,10.463132
10.292844,10.463132
10.386937,10.389026
10.063552,10.308986
10.690676,10.463132
10.159593,10.463132
9.962722,10.389026
10.165601,10.389026
10.2832775,10.308986
10.120149,10.463132
11.150307,10.463132
10.304746,10.389026
10.359894,10.450684
10.487404,10.342999
10.391761,10.325515
10.792598,10.341775
10.438174,10.357775
10.344893,10.373523
10.434318,10.434145
10.143678,10.373523
9.972668,10.434145
10.326797,10.434145
10.506482,10.341775
10.115415,10.106469
10.094657,10.373523
10.148541,10.341775
10.368681,10.434145
10.377128,10.434145
10.464444,10.346505
10.098344,10.422311
10.422582,10.422311
10.117526,10.275085
10.044567,10.357775
10.152181,10.357775
10.03278,10.357775
10.514157,10.357775
9.552393,10.404293
10.212794,10.275085
10.392417,10.341775
9.96304,10.308986
10.425698,10.373523
10.115469,10.389026
10.265368,10.341775
9.885674,10.257694
10.228084,10.373523
10.2607565,10.221977
10.411073,10.308986
9.93929,10.292179
10.228805,10.257694
10.29773,10.341775
10.334136,10.292179
10.337878,10.292179
10.162999,10.275085
9.774192,10.287287
10.149344,10.267158
10.116136,10.268166
10.463832,10.308986
10.126439,10.134639
10.040591,10.292179
9.594167,10.275085
10.040444,10.341775
9.899402,10.341775
9.7583885,10.341775
10.144002,10.308986
10.46437,10.292179
10.312223,10.292179
10.215439,10.300618
10.274795,10.292179
9.883894,10.275085
9.93764,10.422311
10.181394,10.450481
9.929172,10.313973
10.348266,10.126671
10.22906,10.043293
10.694771,10.221977
9.679035,10.308986
9.953729,10.275085
11.162574,10.308986
10.3483095,10.308986
9.93716,10.257694
9.888789,10.257694
9.591559,10.275085
10.277663,10.308986
10.278371,10.308986
9.8428755,10.126671
9.916279,10.221977
9.649991,10.2036295
9.994074,10.221977
10.375472,10.106469
10.109474,10.2036295
9.787857,10.308986
10.084712,10.248884
10.245521,10.275085
10.054502,10.257694
10.287993,10.221977
10.2257,10.221977
9.568296,10.126671
9.980071,10.308986
10.009875,10.126671
10.0216255,10.308986
10.169392,10.275085
10.440259,10.275085
10.582189,10.239996
10.510399,10.308986
10.283246,10.257694
10.02823,10.221977
10.488345,9.615872
10.381587,10.221977
10.070947,10.1849375
9.83892,10.308986
10.328051,10.221977
10.233699,10.292179
10.245993,10.126671
10.23132,10.126671
11.401468,10.126671
10.255634,10.308986
10.290031,10.292179
10.105762,10.221977
10.490764,10.221977
9.77462,10.221977
10.418306,10.308986
10.804724,10.221977
9.970002,10.221977
9.994468,10.021315
10.986768,10.021315
9.842834,10.021315
10.221577,10.126671
11.032073,10.308986
10.341823,10.308986
10.359033,10.221977
10.117835,10.221977
10.536946,10.308986
9.754716,9.999752
10.354039,10.275085
9.887836,10.126671
10.098387,10.308986
10.01174,10.257694
10.045381,10.308986
10.103048,10.126671
10.561833,10.126671
10.395193,10.221977
9.560203,10.2036295
10.365262,10.221977
10.287569,10.308986
10.21056,10.308986
10.40968,10.308986
10.397185,10.221977
10.356444,10.275085
10.308183,10.221977
10.133088,10.221977
10.181105,10.126671
10.268727,10.308986
9.889552,10.308986
10.555194,10.165891
10.399167,10.308986
10.5495825,10.126671
11.091461,10.221977
9.782798,10.126671
10.177997,10.275085
10.517207,10.275085
9.8708315,10.308986
9.981824,10.308986
10.045381,10.308986
10.0712385,10.126671
10.237154,10.232647
9.232414,10.251959
9.924705,10.239996
10.114312,10.275085
10.311694,10.275085
10.286398,10.292179
10.3033285,10.2036295
10.511604,10.2036295
10.462153,10.275085
10.25681,10.268166
10.209985,10.085851
10.2176485,10.181157
10.252018,10.181157
10.053862,10.239996
10.542138,10.221977
10.197915,10.239996
10.336772,9.987415
9.983197,10.2036295
10.119727,10.106469
10.211416,10.126671
10.206676,10.126671
10.137147,10.239996
9.937343,10.239996
10.113209,10.239996
10.232368,10.1849375
10.520934,10.126671
9.873169,10.1849375
9.988822,10.126671
10.281568,10.156229
10.38598,10.2036295
10.624341,10.1849375
10.2964735,9.987415
10.167383,10.1849375
11.173938,10.1849375
9.896748,10.085851
10.193145,10.146473
10.189807,10.126671
10.523559,10.2036295
10.13585,10.165891
10.467606,10.165891
10.1740465,10.2036295
10.446462,10.1849375
10.265249,10.2036295
10.161512,10.1849375
10.218188,10.221977
10.190656,10.1849375
10.209955,10.2036295
10.247305,10.239996
9.605407,10.165891
9.823291,10.239996
10.311479,10.1849375
10.04725,10.1849375
9.8393135,10.175459
9.995225,10.2036295
10.056428,10.434145
10.369806,10.165891
10.330577,10.176601
10.187567,10.10238
10.018111,10.085851
9.700688,10.077441
10.848361,10.182822
10.004659,10.165891
10.015941,10.1849375
10.160108,10.10553
10.226455,10.2036295
10.325669,10.2036295
10.448875,10.2036295
10.065236,10.165891
9.998092,10.165891
10.3425665,10.2036295
10.201688,10.165891
10.140128,10.2036295
10.274959,10.126671
9.644173,10.2036295
10.088566,10.106469
10.196647,10.126671
10.416612,10.146473
10.069963,10.165891
9.887818,10.156229
9.946803,10.106469
10.419148,10.165891
9.997435,10.221977
10.604335,10.2036295
10.002688,10.332702
10.140046,10.045031
10.228335,10.193991
9.727238,10.042206
10.24392,10.134639
10.24373,10.174964
10.103906,10.172025
10.103906,10.172025
10.060636,9.98539
10.3441305,10.146473
10.266007,10.165891
10.142167,10.142544
10.350408,10.165583
10.426278,10.106469
10.354282,10.165891
10.186905,10.126671
9.72988,10.126671
10.213717,10.019091
10.710249,10.126671
10.483754,10.043293
9.838794,10.146473
10.439596,10.165891
10.024296,10.043293
10.65617,10.085851
9.456359,9.987415
10.385229,10.126671
10.442958,10.106469
10.113639,10.165891
10.290899,10.126671
10.474402,10.146473
9.950191,10.069044
10.370477,10.126671
10.651723,10.043293
10.033472,10.146473
10.569852,10.165891
10.135881,10.021315
11.986202,10.165891
9.60394,9.987415
10.092618,10.085851
10.204785,10.137888
9.745724,10.153195
10.250211,10.145374
10.452287,10.268166
10.664761,10.134639
10.347874,10.126671
9.898355,10.146473
10.13743,10.064798
10.107856,10.021315
9.920809,10.021315
9.704282,10.064798
9.969331,10.126671
9.92634,10.085851
9.82714,10.021315
9.466565,10.021315
11.155307,10.308986
10.41966,10.021315
10.059283,10.043293
10.248709,10.064798
10.305367,10.126671
10.399125,9.581973
10.269407,10.126671
9.773093,9.878221
10.173055,10.126671
10.111449,10.021315
10.212895,9.952325
9.934192,10.126671
10.371287,10.021315
10.202331,9.852247
10.017421,10.126671
10.347751,10.021315
10.12534,10.126671
10.128399,10.221977
9.998513,10.021315
10.319047,10.085851
9.869626,10.085851
9.917644,10.126671
11.319054,10.126671
10.074679,10.021315
10.4180765,10.064798
10.272517,10.064798
10.145903,10.106469
9.757863,9.839003
9.871506,9.839003
10.174182,10.126671
10.031356,9.975855
10.823747,10.126671
10.129546,9.975855
9.985916,10.021315
10.215337,10.021315
10.285716,10.064798
9.871909,10.021315
10.1935,9.975855
10.6148,9.903538
10.254268,10.064798
10.431948,10.021315
10.38882,10.126671
10.398744,10.126671
10.328193,9.975855
9.903222,10.126671
9.905393,10.021315
9.926044,10.221977
10.21473,9.975855
10.05465,10.021315
9.879521,10.126671
10.259635,9.433564
9.795356,10.126671
10.603054,10.085851
10.08995,10.021315
9.891833,10.021315
10.25576,10.085851
10.068426,9.975855
10.128394,10.106469
10.043691,10.043293
10.29104,9.903538
10.02464,9.852247
9.602113,10.043293
10.020698,10.126671
10.311076,10.126671
10.0822935,10.021315
9.935821,10.059679
10.342141,10.112451
10.266804,10.216874
9.660085,9.392745
10.085317,10.085851
9.732477,10.043293
10.406379,10.043293
10.337366,10.043293
10.060902,10.085851
10.290848,10.043293
9.957296,10.085851
10.5115,10.085851
10.255797,9.952325
10.25653,10.085851
10.297897,9.94035
10.303109,9.94035
10.207492,10.043293
10.317663,10.021315
9.918805,10.010142
10.137077,9.998843
10.658259,10.043293
10.575423,10.043293
9.660475,10.085851
10.128852,9.998843
10.415114,9.998843
9.725098,9.998843
10.149929,10.043293
10.498557,9.9804945
10.484113,10.085851
9.976607,9.952325
10.023746,10.110542
10.212021,10.085851
10.046035,10.043293
9.890034,10.043293
10.193147,10.064798
10.20833,9.998843
10.572322,10.096213
10.114726,9.952325
10.052358,10.085851
10.003724,10.085851
10.186206,10.043293
10.2988205,9.952325
10.216404,10.043293
10.043491,9.998843
9.884928,9.998843
10.36251,10.085851
9.717118,10.085226
10.364937,9.993145
10.117498,10.041727
9.859493,10.041727
10.388242,10.199175
10.206658,10.000115
10.060542,9.928229
9.620097,9.975855
10.158593,9.903538
10.1279335,10.043293
9.975701,10.043293
10.177596,9.928229
10.137948,9.998843
10.247439,9.975855
9.863658,9.975855
10.965881,10.021315
11.064635,10.043293
10.914358,10.043293
10.212272,10.043293
10.360696,10.043293
9.93253,10.043293
10.622031,9.928229
10.044166,9.903538
9.920521,9.975855
10.345298,10.043293
10.34756,9.928229
10.12173,9.961803
10.374521,9.998843
10.311185,9.928229
10.007204,9.952325
9.675772,9.94035
9.62189,9.975855
10.095,9.998843
9.375909,9.9804945
10.160068,10.162808
10.531917,10.105653
10.238839,9.915959
10.4745245,9.952325
10.420379,9.903538
9.966508,9.903538
9.894155,9.903538
9.923327,9.998843
9.89813,9.998843
9.7591715,9.952325
9.73202,9.952325
9.882644,9.928229
10.06177,9.952325
9.694955,9.903538
10.018131,9.952325
10.461266,9.878221
10.239577,9.952325
10.09047,9.998843
10.150656,9.975855
9.890783,9.903538
10.623623,9.952325
9.96522,9.928229
10.324395,9.998843
10.013682,9.903538
10.148989,9.998843
9.7263565,9.903538
10.232489,9.928229
10.117146,9.89096
10.126168,9.89096
9.879924,10.064798
10.003825,9.928229
9.881992,9.770013
9.576737,9.770013
10.23453,9.988609
10.18248,9.988609
10.025342,9.998843
10.091895,9.952325
10.463155,9.952325
10.253165,9.975855
10.240631,9.998843
10.02955,9.903538
10.194602,9.82558
10.249559,9.903538
10.281507,9.903538
9.894481,9.998843
10.250251,9.998843
10.184783,9.952325
9.936361,10.12507
10.252286,10.002473
10.14841,9.9804945
10.182338,9.9804945
10.184653,9.9804945
10.257655,9.9804945
10.100765,9.9804945
10.182338,9.9804945
10.023666,9.9804945
10.033692,9.952325
10.20467,9.851615
9.853513,9.845911
10.182477,9.927838
10.30438,9.903538
10.050769,9.852247
9.649347,9.770013
10.157897,9.852247
9.674906,10.085851
10.144464,9.852247
10.055673,9.878221
10.358005,9.852247
9.964326,9.903538
10.166216,9.878221
9.951729,9.852247
10.222135,9.865318
10.223914,9.865318
10.223914,9.865318
10.223914,9.865318
10.223914,9.865318
9.864089,9.878221
9.861789,9.82558
9.644494,9.878221
10.326926,9.852247
10.210969,9.952325
10.149213,9.878221
10.21809,9.929691
10.440518,9.923339
10.109902,10.085851
10.079815,9.958023
10.177696,9.862718
10.109918,9.879554
10.119643,9.908376
10.325652,9.801344
10.115925,9.903538
9.9083395,9.852247
9.846751,9.903538
10.023896,9.852247
10.043185,9.903538
9.826181,9.903538
9.882344,9.903538
10.280084,9.903538
10.344487,9.7981825
10.358767,9.903538
9.441188,9.903538
9.852872,9.903538
10.044874,9.903538
9.313435,9.903538
9.62831,9.903538
10.061356,9.852247
9.990891,9.852247
10.328755,9.903538
10.147176,9.852247
10.00928,9.928229
10.447892,9.82558
9.748672,9.852247
10.200134,9.878221
9.704358,9.852247
10.070935,9.82558
9.970938,9.770013
9.646752,9.770013
9.650207,9.680407
10.150914,9.770013
10.234866,9.82558
9.99723,9.82558
10.216736,9.711176
10.036672,9.852247
10.211331,9.770013
10.12296,9.852247
9.965779,9.852247
10.213248,9.878221
10.173392,9.903538
9.927566,9.903538
9.717886,9.903538
10.000417,9.852247
9.763347,9.903538
10.206073,9.82558
10.363453,9.903538
10.118026,9.903538
9.820394,9.852247
10.053498,9.852247
10.466144,9.852247
10.083596,9.770013
10.1935835,9.82558
10.097873,9.852247
9.873316,9.903538
9.743806,9.7981825
10.310067,9.852247
10.25589,9.903538
10.280326,9.903037
9.954169,9.903538
9.367045,9.901034
9.928037,9.8705
10.061697,9.778661
9.79301,9.852247
9.322964,9.856396
9.917805,9.852247
10.014737,9.878221
10.052825,9.878221
10.172863,9.852247
10.347165,9.7981825
9.824691,9.852247
10.169943,9.878221
9.933021,9.770013
10.069278,9.7981825
10.019692,9.852247
10.111602,9.8119755
9.707077,9.852247
10.248401,9.770013
10.038712,9.852247
9.806514,9.770013
9.596858,9.865318
9.974355,9.82558
10.058537,9.819127
9.701895,9.727168
10.14491,9.805544
9.660544,9.82179
9.68492,9.7981825
10.284055,9.711176
9.934176,9.741028
9.815389,9.185125
9.9517565,9.741028
10.0830345,9.809232
9.957032,9.7981825
9.561909,9.711176
10.212409,9.7981825
9.546555,9.878221
10.159549,9.755626
9.945895,9.7981825
10.144425,9.7981825
10.305497,9.770013
9.943955,9.7981825
10.12732,9.546884
9.908967,9.546884
10.257835,9.615872
10.352746,9.711176
10.148885,9.711176
10.15023,9.546884
10.264403,9.741028
10.016358,9.741028
9.840253,9.741028
10.203554,9.82558
10.337526,9.741028
10.011896,9.711176
9.897504,9.7981825
10.274017,9.770013
9.910364,9.82558
9.998395,9.741028
10.102946,9.741028
9.981694,9.755626
9.890766,9.755626
10.115618,9.7981825
10.3925495,10.146473
9.806289,9.64866
10.302332,9.741028
9.879639,9.770013
9.750625,9.7981825
9.604814,9.73181
9.817788,9.787066
10.182168,9.811427
10.275456,9.433564
10.239348,9.615872
10.104856,9.711176
10.22557,9.726213
10.122918,9.741028
8.928609,9.64866
9.951112,9.711176
9.748422,9.784197
10.050891,9.770013
10.3124075,9.741028
10.086734,9.680407
9.897763,9.711176
10.359952,9.581973
10.093459,9.711176
10.011849,9.755626
10.221068,9.711176
10.115012,9.64866
9.891942,9.711176
9.911067,9.711176
10.010447,9.6959095
10.168387,9.770013
10.341817,9.741028
9.962947,9.711176
9.766978,9.8119755
10.115789,9.755626
9.731889,9.733707
11.03888,9.862718
10.235862,9.700208
10.213109,9.958023
9.776433,9.720586
10.146221,9.842516
9.958422,9.680407
9.652389,9.6959095
10.212758,9.680407
9.715207,9.680407
10.055884,9.903538
10.074548,9.711176
9.953488,9.680407
9.977145,9.711176
10.043162,9.680407
9.7864065,9.64866
10.084554,9.615872
10.697843,9.680407
9.895736,9.680407
10.189046,9.680407
10.056973,9.711176
9.888918,9.711176
9.640138,9.575053
10.190528,9.680407
10.076845,9.64866
9.74261,9.692828
9.999902,9.741028
10.144813,9.680407
9.877549,9.615872
10.104323,9.680407
10.103427,9.628853
10.099929,9.7976265
10.208798,10.221977
10.125625,9.638676
10.170121,9.757363
10.406234,9.757363
10.4025955,9.639587
10.170003,9.757363
9.541633,9.757363
10.023183,9.623377
10.279113,9.599202
10.253915,9.573316
10.053913,9.528867
10.079738,9.878221
9.844744,9.564583
10.014979,9.615872
9.754998,9.433564
9.889955,9.564583
10.204495,9.528867
10.196332,9.528867
9.9991255,9.581973
9.972512,9.539716
10.180486,9.615872
10.350867,9.596418
9.928229,9.580869
9.393968,9.700208
10.159275,9.670357
10.435162,9.700208
10.124655,9.472781
9.81011,9.472781
10.245022,9.694616
10.286347,9.678405
9.913585,9.510519
9.090518,9.581973
10.741055,9.546884
9.557786,9.546884
9.923161,9.65323
9.86565,9.654449
10.100146,9.652009
10.232841,9.575053
9.775387,9.639587
10.347531,9.639587
10.534744,9.639587
10.281497,9.639587
9.965268,9.501591
10.039762,9.571714
10.069922,9.620661
10.207698,9.522301
10.11894,9.510519
10.53091,9.472781
10.044734,9.472781
9.650628,9.601369
9.828972,9.588297
9.782104,9.588297
9.934008,9.512443
9.864591,9.575053
9.95188,9.575053
10.345717,9.541154
9.8242235,9.575053
9.728252,9.441531
9.830054,9.392745
10.558782,9.392745
10.185712,9.392745
10.133435,9.614271
9.711528,9.506065
10.007415,9.506065
9.556863,9.506065
9.556863,9.506065
9.556863,9.506065
9.556863,9.506065
9.990031,9.506065
9.556863,9.506065
9.556863,9.506065
10.261693,9.425775
10.086704,9.431963
10.132562,9.383033
9.984523,9.383033
10.32327,10.962666
10.20744,8.853808
10.268891,8.794976
9.951413,9.575053
9.84022,9.488048
10.36351,8.699681
10.379428,8.7194805
10.527963,9.616672
10.179566,8.679482
9.725303,9.7981825
9.8181505,9.615872
10.242102,8.7194805
10.182528,8.7194805
10.619923,10.223866
10.063474,9.552226
10.122041,9.915959
10.613734,11.231901
10.222234,9.979939
9.858924,9.9804945
10.294771,10.280999
10.2455635,10.280999
10.262952,10.309819
9.921708,9.9804945
9.578323,9.9804945
10.301701,10.240924
9.572232,10.158169
9.831671,9.488048
9.652553,10.181157
9.758401,10.181157
9.879071,8.77663
10.34664,9.966509
9.901351,10.085851
10.13404,10.268166
10.224921,10.134639
10.187322,10.134639
10.241161,10.238709
10.660433,10.269206
10.057109,10.157975
10.514844,11.000248
10.286796,10.491302
10.679031,10.778977
10.344319,10.778977
10.451453,10.695598
10.157012,10.59666
10.168624,10.71444
10.352185,10.819798
9.782329,11.248973
10.366704,10.532123
10.189594,10.628158
10.147147,10.673619
10.146068,10.837245
9.579064,10.758775
9.66818,10.393325
9.791751,10.234265
10.363859,10.504547
9.791751,10.234265
9.784621,10.234265
10.119094,10.555839
10.404398,10.778977
10.290957,10.778977
10.254924,8.7194805
10.28346,8.7194805
10.284396,8.679482
10.371278,10.851296
10.366704,10.463132
10.043172,11.289794
10.316012,10.819798
10.276281,11.002116
10.349577,11.041337
10.56059,10.404293
10.190825,10.8685875
10.515426,10.959558
10.340768,11.082158
10.591847,10.491302
10.215209,11.002116
10.304263,10.8685875
10.373338,10.8685875
10.516959,10.768506
10.278304,11.294782
10.423361,11.407576
9.988403,10.532123
10.578267,11.082158
10.111144,10.275085
10.410157,10.59666
10.462682,10.959558
10.470154,11.320565
10.341097,10.165891
10.433074,10.819798
10.262182,10.448744
10.611917,10.463132
10.085151,10.532123
9.715304,9.784197
9.738702,9.998843
10.296323,10.434145
10.209254,10.308986
9.858888,11.184435
10.381064,10.448744
10.523401,9.9804945
10.10139,10.308986
10.068179,10.819798
10.395795,10.257694
9.905699,10.341775
10.05944,10.356186
9.99265,10.768506
10.329275,10.819798
10.40731,10.71444
10.528383,10.1849375
10.278581,10.994084
10.3184185,11.041337
10.236764,10.757924
10.194015,10.239996
10.196177,10.829748
10.370315,10.448744
9.459811,10.165891
10.479274,10.532123
10.604042,10.532123
10.507095,11.338584
9.954492,9.546884
10.241678,10.463132
9.864274,10.341775
10.183048,11.350418
10.053486,10.308986
10.291749,10.71444
10.511859,10.657283
10.038148,10.275085
10.778332,11.320565
10.250558,9.7981825
10.168761,10.239996
9.94143,10.532123
10.710652,11.079077
10.417624,10.389026
10.187177,10.72549
10.32755,10.463132
10.204415,10.59666
10.412635,10.257694
10.300935,10.2036295
10.503612,10.021315
10.336067,11.379406
10.438418,10.126671
10.50949,10.959558
10.2649145,9.975855
10.0418825,10.657283
9.923352,9.952325
10.709458,10.357775
10.3687315,11.366755
10.247228,10.181157
10.184012,10.1849375
10.125449,10.144117
10.617763,11.184435
10.322394,10.021315
10.365003,10.855937
9.444922,10.045031
10.077327,10.657283
10.409907,11.041337
10.382695,9.711176
10.497834,10.950824
10.354253,10.59666
9.813947,10.045031
10.149741,10.927394
9.877614,10.332702
10.415256,10.532123
9.883023,10.021315
10.421245,11.414221
10.85423,9.575053
10.614206,9.852247
10.323615,10.221977
10.289729,10.275085
10.026774,10.959558
9.967938,10.736419
10.730992,11.141876
10.596442,10.819798
10.125367,10.657283
10.91269,11.373675
10.456158,11.279744
10.627747,11.115443
10.248439,10.717103
10.471185,11.233225
10.283107,10.422311
10.246467,10.518701
10.324664,10.389026
9.917319,11.082158
9.868553,10.532123
9.8706045,10.373523
9.710561,10.657283
9.982402,9.878221
10.4756365,11.119898
10.157848,10.59666
10.006557,10.389026
9.998452,10.71444
10.345656,10.002473
10.109155,10.59666
10.172196,10.045031
10.330728,11.184435
9.812902,10.477316
10.163986,11.008164
9.608755,10.959558
9.925029,9.998843
10.278723,10.532123
10.079791,10.768506
10.204341,10.673619
10.131041,10.915107
10.455411,10.221977
10.258,10.2036295
10.226765,10.71444
10.144076,10.580531
10.259243,11.071642
10.184528,10.532123
10.271577,11.097425
10.10109,9.729194
10.608768,11.338584
9.837517,10.59666
10.043089,10.257694
10.394826,10.657283
10.516543,10.58661
10.389957,10.768506
10.048389,10.389026
9.851834,11.289794
9.974092,10.064798
10.200844,10.78934
9.9549,9.7981825
10.482572,10.657283
10.213424,10.389026
10.786334,10.915107
9.945494,10.126671
9.990062,10.8685875
10.568587,11.082158
10.000379,10.657283
10.397325,10.532123
10.032439,10.308986
10.366693,10.59666
10.323189,10.959558
10.373444,10.915107
10.597064,11.002116
10.522002,9.952325
10.09203,9.575053
10.138136,10.239996
9.995399,10.363472
10.3763,9.9804945
9.942816,10.434145
9.998568,11.097425
10.230889,10.043293
9.963281,10.555839
10.208375,10.341775
10.489369,10.388842
10.274496,10.633472
10.08495,10.021315
10.65044,10.126671
10.42719,10.915107
10.232662,10.8685875
10.298692,10.59666
9.5957985,10.2036295
10.183723,10.657283
10.172196,9.958023
10.081933,10.2036295
10.463048,9.757363
10.4512415,10.463132
9.759992,10.1849375
9.95646,9.711176
9.9019785,10.308986
10.602122,11.042938
9.708593,10.59666
10.086511,10.422311
10.117622,11.289794
10.427276,11.191356
10.555001,10.915107
9.874302,10.064798
10.379844,10.819798
10.154416,10.959558
10.181694,11.264477
10.364886,10.59666
10.257529,10.308986
10.35103,10.915107
10.365411,10.8685875
10.028882,10.419331
10.03655,11.041337
10.245894,10.915107
10.131544,10.819798
10.118057,10.021315
10.3328085,10.71444
10.539518,10.71444
10.136383,10.532123
10.787827,10.463132
10.393402,10.915107
10.03151,10.463132
10.377955,10.1849375
10.282355,10.71444
10.415896,10.341775
10.038539,10.532123
10.325284,10.673619
10.298406,11.025832
10.316412,10.8685875
10.3986435,11.472114
10.524207,10.71444
10.238854,10.463132
10.229485,9.757363
10.297126,10.530521
10.35501,10.530521
10.391707,10.389026
10.338786,10.404293
10.061759,10.021315
10.030215,10.849357
9.994895,10.106469
10.167198,9.811427
9.989172,10.977824
10.464883,10.308986
10.062694,10.768506
10.4250555,10.915107
10.289779,11.512936
10.331927,11.407576
10.4525795,11.407576
10.3364105,11.082158
9.980965,11.407576
10.4482155,11.156265
9.857392,11.225257
10.24451,11.021919
10.43829,11.156265
10.128774,11.184435
10.041243,11.082158
10.020919,11.082158
10.517428,11.042938
10.601989,10.959558
9.968293,10.8685875
10.698205,10.959558
10.776971,10.915107
10.342864,10.8685875
10.1788645,10.915107
11.309718,10.819798
10.056391,10.967939
9.660736,10.768506
9.25144,10.434145
9.253178,10.434145
10.18724,10.819798
10.836516,10.819798
10.373465,10.71444
10.327175,10.657283
10.525672,10.778977
10.275722,10.558439
9.987573,10.71444
10.360614,10.71444
10.501756,10.657283
9.888156,10.804238
10.25786,10.456539
10.175692,10.463132
10.305278,10.59666
10.253392,10.532123
10.167191,10.463132
12.558837,10.532123
9.9921055,10.221977
10.58411,10.463132
10.139369,10.463132
9.960377,10.257694
9.1990595,10.1849375
10.381567,10.221977
10.102065,10.389026
10.073631,10.389026
10.001672,10.325351
10.458524,10.389026
10.127545,10.308986
10.088079,10.308986
10.456914,10.275085
10.070549,10.341775
10.129296,10.275085
10.202995,10.275085
10.054709,10.221977
9.85563,10.221977
10.421033,10.221977
10.452388,10.239996
10.300522,10.221977
9.9293585,10.2036295
9.985795,10.043293
10.447049,10.126671
10.035836,10.165891
10.178466,10.165891
9.8942175,9.903538
9.01583,9.903538
10.129107,10.021315
10.196622,10.085851
9.9875765,9.952325
9.887692,10.045031
10.258241,9.928229
10.090462,9.928229
9.8077,9.975855
9.836972,9.928229
10.083738,9.998843
10.026832,9.952325
9.806266,9.952325
9.975828,9.729194
10.363764,9.8119755
10.181404,9.903538
10.175594,10.1849375
9.986318,9.903538
10.181626,9.852247
9.767156,9.8119755
10.220675,9.741028
10.36346,9.82558
10.155078,9.7981825
10.10828,9.711176
10.270425,9.741028
9.789962,9.761405
10.191069,9.755626
9.92544,9.64866
9.7647,9.711176
9.882136,9.581973
9.866355,9.546884
10.155013,9.472781
10.305453,9.392745
10.5579,10.167427
10.552634,10.167427
10.100795,9.392745
9.107314,8.699681
9.295968,9.639587
9.431832,9.862718
10.136336,9.506065
9.968642,9.639587
8.835264,9.862718
9.673723,9.757363
10.109039,9.862718
8.90857,9.431963
9.944913,9.392745
9.929505,10.555839
9.61418,9.639587
9.1694,9.351927
9.714082,9.862718
10.08026,9.757363
9.023437,9.862718
9.315228,9.700208
9.230187,9.862718
9.242854,9.862718
10.032153,9.639587
9.395376,9.862718
9.35204,9.862718
8.763929,9.639587
9.212352,9.862718
10.03444,9.169622
10.100428,9.169622
10.074411,10.422311
9.778744,9.862718
9.729342,8.812992
9.083386,9.729194
9.846053,9.700208
10.17604,9.862718
9.448928,9.862718
9.025022,9.431963
10.30375,9.862718
10.020554,9.639587
9.888049,9.218408
10.010669,9.639587
10.3799715,9.862718
10.06055,9.506065
9.988559,9.862718
10.038278,9.639587
9.955254,9.862718
8.9530325,9.506065
10.393819,9.757363
9.452218,9.639587
9.867877,9.639587
9.401519,9.392745
9.865626,9.729194
9.192959,9.862718
9.132466,9.729194
9.7983675,9.392745
9.977965,9.862718
9.737072,9.9804945
9.812709,9.729194
9.046767,9.169622
9.154746,9.264923
9.820351,9.639587
10.113707,8.946505
9.879377,9.351927
9.843423,9.757363
10.441627,10.2036295
10.258441,11.461642
10.487178,11.225257
10.309426,11.289794
10.488232,11.320565
10.308608,11.338584
10.563623,11.191356
10.099289,11.248973
10.392732,10.959558
10.28193,10.993749
10.478871,11.115443
10.459094,10.910551
10.402292,10.8685875
10.396174,10.915107
10.179572,10.8685875
10.34489,10.915107
10.440501,10.907807
10.303543,10.851296
10.539576,10.8685875
10.460557,10.915107
10.540086,10.915107
10.201503,10.819798
10.450759,10.915107
10.037126,10.819798
10.191339,10.819798
10.455222,10.819798
10.045058,10.819798
10.388047,10.819798
10.314003,10.899089
10.283469,10.736419
10.338494,10.691968
10.187226,10.757924
10.272843,10.126671
10.409534,10.768506
10.522326,10.657283
10.219331,10.59666
10.171267,10.71444
10.519684,10.71444
10.251557,10.558439
10.203404,10.668979
10.2352705,10.778977
10.218239,10.571342
10.134689,10.72549
10.136294,10.680539
10.193437,10.72549
10.122109,10.633472
10.16875,10.633472
10.317398,10.59666
10.405684,10.59666
10.2001505,10.657283
10.29765,10.558439
10.193031,10.532123
10.635903,10.021315
10.584968,10.021315
10.386562,10.59666
10.2202215,10.59666
10.370477,10.59666
10.163708,10.657283
10.218991,10.633472
10.120034,10.657283
10.298158,10.59666
10.306336,10.609082
10.400723,10.540196
10.294747,10.59666
9.912183,10.463132
10.430768,10.532123
10.336656,10.532123
10.522016,10.532123
10.081755,10.532123
10.064932,10.532123
10.376789,10.532123
10.396144,10.518701
10.342038,10.532123
10.337064,10.463132
10.31157,10.448744
10.517418,10.463132
10.210389,10.436202
10.193065,10.491302
10.173868,10.463132
10.318253,10.357775
10.194553,10.389026
10.222092,10.308986
10.228393,10.357775
10.369204,10.463132
10.756742,10.289973
10.207102,10.434145
10.241535,10.463132
10.436278,10.308986
10.397836,10.389026
10.524596,10.389026
10.011716,10.308986
10.103089,10.308986
10.345801,10.330225
10.370189,10.308986
10.249879,10.325515
10.6056185,10.373523
10.383975,10.308986
10.522428,10.389026
10.365478,10.47788
10.309819,10.126671
10.480182,10.308986
10.280629,10.126671
10.350617,10.275085
10.302091,10.221977
10.280652,10.221977
10.230441,10.221977
10.212218,10.308986
10.313568,10.308986
10.406963,10.221977
10.044368,10.239996
10.127417,10.221977
10.192338,10.1849375
10.047154,10.106469
10.264676,10.126671
10.403033,10.126671
10.451133,10.146473
10.289756,10.221977
10.429875,10.2036295
10.4081545,10.153506
9.864552,10.085851
10.580818,10.126671
10.241878,10.126671
10.131101,10.126671
10.024599,9.952325
10.219071,10.021315
10.156007,10.099629
10.124166,10.099629
10.24543,10.064798
10.056976,10.065649
10.230268,10.12507
10.210081,10.064798
10.362506,10.043293
10.132379,9.841665
10.277314,9.685393
10.259196,9.64866
10.540097,9.350189
10.433079,10.085851
10.459419,10.463132
10.3423395,10.680539
10.51091,10.915107
10.272971,11.115443
10.804504,10.874286
10.041965,11.338584
11.040261,10.758775
9.974085,10.961295
10.070919,10.961295
10.254004,11.264477
10.332253,11.233225
10.317449,11.279744
10.206064,10.819798
10.548435,11.264477
10.4046755,10.221977
10.445935,10.59666
10.39224,10.389026
10.506567,9.741028
10.472121,10.363472
10.400391,10.275085
10.614305,10.393325
10.294414,11.350418
10.238975,11.496806
10.190209,11.496806
10.5450945,10.165891
10.355732,10.126671
10.361886,10.71444
10.415039,10.463132
9.959852,9.770013
10.414073,10.463132
10.378079,10.221977
10.410995,10.021315
10.605311,10.71444
10.3498,10.021315
10.2666645,9.770013
10.217389,10.021315
10.26825,10.221977
10.384744,10.463132
10.375331,10.221977
10.023823,9.770013
10.181877,9.770013
10.038262,10.221977
10.07165,10.021315
9.963303,10.221977
10.126694,10.021315
10.0136175,9.770013
10.369655,10.221977
10.318919,10.221977
10.25137,10.021315
10.278098,9.770013
10.167626,9.770013
10.226114,10.221977
10.06714,9.770013
10.13461,9.770013
10.194648,9.770013
10.185123,10.021315
9.975345,10.021315
9.914834,10.021315
10.441278,10.819798
10.222837,9.741028
10.371385,11.350418
10.251409,11.350418
10.680393,10.357775
10.241754,11.472114
10.5731,11.082158
10.430899,10.532123
10.478274,10.71444
10.545539,10.819798
10.37201,11.002116
10.707967,11.225257
10.438476,11.184435
10.195385,9.564583
10.309454,9.770013
10.226846,10.738156
10.367902,10.308986
10.535097,9.998843
10.050664,9.4844055
10.180638,9.506065
10.441745,10.758775
10.395089,10.651147
10.207763,9.636457
10.657666,10.71444
10.238027,10.199175
10.245894,10.373523
10.092689,10.914888
10.238027,10.199175
10.143299,10.837245
10.615039,10.818197
10.259351,10.27846
9.363649,10.393325
10.116952,10.199175
10.556045,10.994084
10.20998,10.434145
10.275178,11.248973
10.316606,11.248973
10.482603,11.512936
10.319916,10.819798
10.222947,10.043293
10.29494,9.7981825
10.368278,10.915107
10.55291,10.915107
10.275149,10.915107
9.9562025,10.915107
9.871877,10.915107
10.166734,11.002116
10.093042,10.819798
10.417646,10.71444
10.0955715,10.71444
10.0751505,10.71444
10.196438,10.59666
10.057614,10.71444
9.772984,10.657283
10.348556,10.72549
10.3318615,10.633472
10.415116,10.633472
10.564395,10.532123
9.764842,10.518701
10.216071,10.434145
10.145495,10.59666
10.371903,10.532123
10.19489,10.491302
10.084655,10.518701
10.297618,10.434145
10.212352,10.308986
9.953933,10.325515
9.956182,10.257694
10.358402,10.341775
10.209134,10.221977
10.301612,10.308986
10.337542,10.2036295
10.223226,10.193728
9.805679,10.043293
10.046206,10.021315
9.891691,10.021315
10.056837,10.021315
10.140197,9.998843
10.143104,9.998843
10.33481,9.407797
10.138959,10.584082
10.316962,10.308986
10.339606,10.341775
10.410047,9.928229
10.42567,10.71444
9.819812,10.126671
9.986119,10.389026
9.918661,9.903538
10.159484,9.928229
10.424804,10.896758
10.511056,10.993749
10.392184,10.915107
10.40796,11.608245
10.534075,11.407576
10.157976,11.512936
10.548317,11.512936
10.36542,10.043293
10.3110485,10.509169
10.287297,10.363472
10.116299,9.64866
10.443826,10.064798
10.219287,10.579768
10.635575,10.308986
10.137036,10.673619
10.663407,10.239996
10.492687,10.933125
10.118561,11.156265
10.210094,10.558439
10.642398,10.504547
10.135703,9.852247
9.641544,9.792612
10.277677,11.512936
9.110906,11.302217
9.60184,9.615872
9.746707,9.615872
9.505187,9.903538
9.621071,9.852247
10.443051,10.59666
10.116784,8.518592
10.275749,10.034559
10.3452215,10.308986
10.340791,10.034559
10.1966,9.65509
9.975673,10.034559
10.266562,10.034559
10.078626,10.034559
10.390258,10.034559
10.214046,10.034559
10.243367,10.034559
10.233039,10.034559
10.078002,10.034559
10.2858,10.034559
10.376272,10.034559
10.303357,10.657283
